[
{
  "model": "service_development.voicelabel",
  "pk": 1,
  "fields": {
    "name": "Dutch language",
    "description": "Nederlandse taal"
  }
},
{
  "model": "service_development.voicelabel",
  "pk": 2,
  "fields": {
    "name": "General error message",
    "description": ""
  }
},
{
  "model": "service_development.voicelabel",
  "pk": 3,
  "fields": {
    "name": "This is the truth",
    "description": ""
  }
},
{
  "model": "service_development.voicelabel",
  "pk": 4,
  "fields": {
    "name": "English language",
    "description": ""
  }
},
{
  "model": "service_development.voicelabel",
  "pk": 5,
  "fields": {
    "name": "Thank you for using this service",
    "description": ""
  }
},
{
  "model": "service_development.voicelabel",
  "pk": 6,
  "fields": {
    "name": "Wow, it must be a really boring guy!",
    "description": ""
  }
},
{
  "model": "service_development.voicelabel",
  "pk": 7,
  "fields": {
    "name": "French language",
    "description": ""
  }
},
{
  "model": "service_development.voicelabel",
  "pk": 8,
  "fields": {
    "name": "Please select your language",
    "description": ""
  }
},
{
  "model": "service_development.voicelabel",
  "pk": 9,
  "fields": {
    "name": "Pre Choice Option",
    "description": ""
  }
},
{
  "model": "service_development.voicelabel",
  "pk": 10,
  "fields": {
    "name": "Post Choice Option",
    "description": ""
  }
},
{
  "model": "service_development.voicelabel",
  "pk": 11,
  "fields": {
    "name": "One",
    "description": ""
  }
},
{
  "model": "service_development.voicelabel",
  "pk": 12,
  "fields": {
    "name": "Two",
    "description": ""
  }
},
{
  "model": "service_development.voicelabel",
  "pk": 13,
  "fields": {
    "name": "Three",
    "description": ""
  }
},
{
  "model": "service_development.voicelabel",
  "pk": 14,
  "fields": {
    "name": "Four",
    "description": null
  }
},
{
  "model": "service_development.voicelabel",
  "pk": 15,
  "fields": {
    "name": "Five",
    "description": ""
  }
},
{
  "model": "service_development.voicelabel",
  "pk": 16,
  "fields": {
    "name": "Six",
    "description": ""
  }
},
{
  "model": "service_development.voicelabel",
  "pk": 17,
  "fields": {
    "name": "Seven",
    "description": ""
  }
},
{
  "model": "service_development.voicelabel",
  "pk": 18,
  "fields": {
    "name": "Eight",
    "description": ""
  }
},
{
  "model": "service_development.voicelabel",
  "pk": 19,
  "fields": {
    "name": "Nine",
    "description": ""
  }
},
{
  "model": "service_development.voicelabel",
  "pk": 20,
  "fields": {
    "name": "Zero",
    "description": ""
  }
},
{
  "model": "service_development.voicelabel",
  "pk": 21,
  "fields": {
    "name": "Yes",
    "description": ""
  }
},
{
  "model": "service_development.voicelabel",
  "pk": 22,
  "fields": {
    "name": "No",
    "description": ""
  }
},
{
  "model": "service_development.voicelabel",
  "pk": 23,
  "fields": {
    "name": "Does the king like to drink beer?",
    "description": ""
  }
},
{
  "model": "service_development.voicelabel",
  "pk": 25,
  "fields": {
    "name": "Please speak your message",
    "description": ""
  }
},
{
  "model": "service_development.voicelabel",
  "pk": 26,
  "fields": {
    "name": "Bambaran Language",
    "description": null
  }
},
{
  "model": "service_development.voicelabel",
  "pk": 27,
  "fields": {
    "name": "Welcome to se4d",
    "description": "Welcome message"
  }
},
{
  "model": "service_development.voicelabel",
  "pk": 28,
  "fields": {
    "name": "Making a trade offer",
    "description": null
  }
},
{
  "model": "service_development.voicelabel",
  "pk": 29,
  "fields": {
    "name": "Listening to existing offers",
    "description": null
  }
},
{
  "model": "service_development.voicelabel",
  "pk": 30,
  "fields": {
    "name": "Thank you and a good day",
    "description": null
  }
},
{
  "model": "service_development.voicelabel",
  "pk": 31,
  "fields": {
    "name": "Please select the type of seed",
    "description": null
  }
},
{
  "model": "service_development.voicelabel",
  "pk": 32,
  "fields": {
    "name": "Corn",
    "description": null
  }
},
{
  "model": "service_development.voicelabel",
  "pk": 33,
  "fields": {
    "name": "Rice",
    "description": null
  }
},
{
  "model": "service_development.voicelabel",
  "pk": 34,
  "fields": {
    "name": "Wheat",
    "description": null
  }
},
{
  "model": "service_development.voicelabel",
  "pk": 35,
  "fields": {
    "name": "Barley",
    "description": null
  }
},
{
  "model": "service_development.voicelabel",
  "pk": 36,
  "fields": {
    "name": "Sorghum",
    "description": null
  }
},
{
  "model": "service_development.voicelabel",
  "pk": 37,
  "fields": {
    "name": "Millet",
    "description": null
  }
},
{
  "model": "service_development.voicelabel",
  "pk": 38,
  "fields": {
    "name": "Make an offer, choose seeds",
    "description": null
  }
},
{
  "model": "service_development.voicelabel",
  "pk": 39,
  "fields": {
    "name": "Manage my current offers",
    "description": null
  }
},
{
  "model": "service_development.voicelabel",
  "pk": 40,
  "fields": {
    "name": "Made an offer, what request",
    "description": null
  }
},
{
  "model": "service_development.voicelabel",
  "pk": 41,
  "fields": {
    "name": "Do you have transport",
    "description": null
  }
},
{
  "model": "service_development.voicelabel",
  "pk": 42,
  "fields": {
    "name": "You offered and requested",
    "description": null
  }
},
{
  "model": "service_development.voicelabel",
  "pk": 43,
  "fields": {
    "name": "Confirmation Playback placeholder",
    "description": null
  }
},
{
  "model": "service_development.voicelabel",
  "pk": 44,
  "fields": {
    "name": "Is this correct",
    "description": null
  }
},
{
  "model": "service_development.voicelabel",
  "pk": 45,
  "fields": {
    "name": "Please leave a short message",
    "description": null
  }
},
{
  "model": "service_development.voicelabel",
  "pk": 46,
  "fields": {
    "name": "Sorry I didn't hear anythin",
    "description": null
  }
},
{
  "model": "service_development.voicelabel",
  "pk": 47,
  "fields": {
    "name": "Your message is",
    "description": null
  }
},
{
  "model": "service_development.voicelabel",
  "pk": 48,
  "fields": {
    "name": "Message now recorded",
    "description": null
  }
},
{
  "model": "service_development.voicelabel",
  "pk": 49,
  "fields": {
    "name": "Done with the system",
    "description": null
  }
},
{
  "model": "service_development.voicelabel",
  "pk": 50,
  "fields": {
    "name": "Succes; what next?",
    "description": null
  }
},
{
  "model": "service_development.voicelabel",
  "pk": 51,
  "fields": {
    "name": "Please select type of seed (search)",
    "description": null
  }
},
{
  "model": "service_development.voicelabel",
  "pk": 52,
  "fields": {
    "name": "Type of seed does not matter",
    "description": null
  }
},
{
  "model": "service_development.voicelabel",
  "pk": 53,
  "fields": {
    "name": "You have placholder available, please select",
    "description": null
  }
},
{
  "model": "service_development.voicelabel",
  "pk": 54,
  "fields": {
    "name": "You have and are looking for (placeholder)",
    "description": null
  }
},
{
  "model": "service_development.voicelabel",
  "pk": 55,
  "fields": {
    "name": "Found offers (placeholder)",
    "description": null
  }
},
{
  "model": "service_development.voicelabel",
  "pk": 56,
  "fields": {
    "name": "Current offers in system (placeholder)",
    "description": null
  }
},
{
  "model": "service_development.language",
  "pk": 1,
  "fields": {
    "name": "Nederlands",
    "code": "nl",
    "voice_label": 1,
    "error_message": 2,
    "select_language": 8,
    "pre_choice_option": 9,
    "post_choice_option": 10,
    "one": 11,
    "two": 12,
    "three": 13,
    "four": 14,
    "five": 15,
    "six": 16,
    "seven": 17,
    "eight": 18,
    "nine": 19,
    "zero": 20
  }
},
{
  "model": "service_development.language",
  "pk": 2,
  "fields": {
    "name": "English",
    "code": "en",
    "voice_label": 4,
    "error_message": 2,
    "select_language": 8,
    "pre_choice_option": 9,
    "post_choice_option": 10,
    "one": 11,
    "two": 12,
    "three": 13,
    "four": 14,
    "five": 15,
    "six": 16,
    "seven": 17,
    "eight": 18,
    "nine": 19,
    "zero": 20
  }
},
{
  "model": "service_development.language",
  "pk": 3,
  "fields": {
    "name": "Francais",
    "code": "fr",
    "voice_label": 7,
    "error_message": 2,
    "select_language": 8,
    "pre_choice_option": 9,
    "post_choice_option": 10,
    "one": 11,
    "two": 12,
    "three": 13,
    "four": 14,
    "five": 15,
    "six": 16,
    "seven": 17,
    "eight": 18,
    "nine": 19,
    "zero": 20
  }
},
{
  "model": "service_development.language",
  "pk": 4,
  "fields": {
    "name": "Bambara",
    "code": "bm",
    "voice_label": 26,
    "error_message": 2,
    "select_language": 8,
    "pre_choice_option": 9,
    "post_choice_option": 10,
    "one": 11,
    "two": 12,
    "three": 13,
    "four": 14,
    "five": 15,
    "six": 16,
    "seven": 17,
    "eight": 18,
    "nine": 19,
    "zero": 20
  }
},
{
  "model": "service_development.voicefragment",
  "pk": 1,
  "fields": {
    "parent": 6,
    "language": 2,
    "audio": "boring_guy_en.wav"
  }
},
{
  "model": "service_development.voicefragment",
  "pk": 2,
  "fields": {
    "parent": 6,
    "language": 1,
    "audio": "boring_guy_nl.wav"
  }
},
{
  "model": "service_development.voicefragment",
  "pk": 6,
  "fields": {
    "parent": 22,
    "language": 1,
    "audio": "no_nl.wav"
  }
},
{
  "model": "service_development.voicefragment",
  "pk": 7,
  "fields": {
    "parent": 22,
    "language": 2,
    "audio": "no_en.wav"
  }
},
{
  "model": "service_development.voicefragment",
  "pk": 8,
  "fields": {
    "parent": 22,
    "language": 3,
    "audio": "no_fr.wav"
  }
},
{
  "model": "service_development.voicefragment",
  "pk": 9,
  "fields": {
    "parent": 21,
    "language": 1,
    "audio": "yes_nl.wav"
  }
},
{
  "model": "service_development.voicefragment",
  "pk": 10,
  "fields": {
    "parent": 21,
    "language": 2,
    "audio": "yes_en.wav"
  }
},
{
  "model": "service_development.voicefragment",
  "pk": 11,
  "fields": {
    "parent": 21,
    "language": 3,
    "audio": "yes_fr.wav"
  }
},
{
  "model": "service_development.voicefragment",
  "pk": 12,
  "fields": {
    "parent": 20,
    "language": 1,
    "audio": "0_nl.wav"
  }
},
{
  "model": "service_development.voicefragment",
  "pk": 13,
  "fields": {
    "parent": 20,
    "language": 2,
    "audio": "0_en.wav"
  }
},
{
  "model": "service_development.voicefragment",
  "pk": 14,
  "fields": {
    "parent": 20,
    "language": 3,
    "audio": "0_fr.wav"
  }
},
{
  "model": "service_development.voicefragment",
  "pk": 15,
  "fields": {
    "parent": 19,
    "language": 1,
    "audio": "9_nl.wav"
  }
},
{
  "model": "service_development.voicefragment",
  "pk": 16,
  "fields": {
    "parent": 19,
    "language": 2,
    "audio": "9_fr.wav"
  }
},
{
  "model": "service_development.voicefragment",
  "pk": 17,
  "fields": {
    "parent": 19,
    "language": 3,
    "audio": "9_en.wav"
  }
},
{
  "model": "service_development.voicefragment",
  "pk": 18,
  "fields": {
    "parent": 18,
    "language": 1,
    "audio": "8_nl.wav"
  }
},
{
  "model": "service_development.voicefragment",
  "pk": 19,
  "fields": {
    "parent": 18,
    "language": 2,
    "audio": "8_en.wav"
  }
},
{
  "model": "service_development.voicefragment",
  "pk": 20,
  "fields": {
    "parent": 18,
    "language": 3,
    "audio": "8_fr.wav"
  }
},
{
  "model": "service_development.voicefragment",
  "pk": 21,
  "fields": {
    "parent": 17,
    "language": 1,
    "audio": "7_nl.wav"
  }
},
{
  "model": "service_development.voicefragment",
  "pk": 22,
  "fields": {
    "parent": 17,
    "language": 2,
    "audio": "7_en.wav"
  }
},
{
  "model": "service_development.voicefragment",
  "pk": 23,
  "fields": {
    "parent": 17,
    "language": 3,
    "audio": "7_fr.wav"
  }
},
{
  "model": "service_development.voicefragment",
  "pk": 24,
  "fields": {
    "parent": 16,
    "language": 1,
    "audio": "6_nl.wav"
  }
},
{
  "model": "service_development.voicefragment",
  "pk": 25,
  "fields": {
    "parent": 16,
    "language": 2,
    "audio": "6_en.wav"
  }
},
{
  "model": "service_development.voicefragment",
  "pk": 26,
  "fields": {
    "parent": 16,
    "language": 3,
    "audio": "6_fr.wav"
  }
},
{
  "model": "service_development.voicefragment",
  "pk": 27,
  "fields": {
    "parent": 15,
    "language": 1,
    "audio": "5_nl.wav"
  }
},
{
  "model": "service_development.voicefragment",
  "pk": 28,
  "fields": {
    "parent": 15,
    "language": 2,
    "audio": "5_en.wav"
  }
},
{
  "model": "service_development.voicefragment",
  "pk": 29,
  "fields": {
    "parent": 15,
    "language": 3,
    "audio": "5_fr.wav"
  }
},
{
  "model": "service_development.voicefragment",
  "pk": 30,
  "fields": {
    "parent": 14,
    "language": 1,
    "audio": "4_nl.wav"
  }
},
{
  "model": "service_development.voicefragment",
  "pk": 31,
  "fields": {
    "parent": 14,
    "language": 3,
    "audio": "4_fr.wav"
  }
},
{
  "model": "service_development.voicefragment",
  "pk": 32,
  "fields": {
    "parent": 14,
    "language": 2,
    "audio": "4_en.wav"
  }
},
{
  "model": "service_development.voicefragment",
  "pk": 33,
  "fields": {
    "parent": 13,
    "language": 1,
    "audio": "3_nl.wav"
  }
},
{
  "model": "service_development.voicefragment",
  "pk": 34,
  "fields": {
    "parent": 13,
    "language": 2,
    "audio": "3_en.wav"
  }
},
{
  "model": "service_development.voicefragment",
  "pk": 35,
  "fields": {
    "parent": 13,
    "language": 3,
    "audio": "3_fr.wav"
  }
},
{
  "model": "service_development.voicefragment",
  "pk": 36,
  "fields": {
    "parent": 12,
    "language": 1,
    "audio": "2_nl.wav"
  }
},
{
  "model": "service_development.voicefragment",
  "pk": 37,
  "fields": {
    "parent": 12,
    "language": 2,
    "audio": "2_en.wav"
  }
},
{
  "model": "service_development.voicefragment",
  "pk": 38,
  "fields": {
    "parent": 12,
    "language": 3,
    "audio": "2_fr.wav"
  }
},
{
  "model": "service_development.voicefragment",
  "pk": 39,
  "fields": {
    "parent": 11,
    "language": 1,
    "audio": "1_nl.wav"
  }
},
{
  "model": "service_development.voicefragment",
  "pk": 40,
  "fields": {
    "parent": 11,
    "language": 2,
    "audio": "1_en.wav"
  }
},
{
  "model": "service_development.voicefragment",
  "pk": 41,
  "fields": {
    "parent": 11,
    "language": 3,
    "audio": "1_fr.wav"
  }
},
{
  "model": "service_development.voicefragment",
  "pk": 42,
  "fields": {
    "parent": 10,
    "language": 1,
    "audio": "post_choice_option_nl.wav"
  }
},
{
  "model": "service_development.voicefragment",
  "pk": 43,
  "fields": {
    "parent": 10,
    "language": 2,
    "audio": "post_choice_option_en.wav"
  }
},
{
  "model": "service_development.voicefragment",
  "pk": 44,
  "fields": {
    "parent": 10,
    "language": 3,
    "audio": "post_choice_option_fr.wav"
  }
},
{
  "model": "service_development.voicefragment",
  "pk": 45,
  "fields": {
    "parent": 9,
    "language": 1,
    "audio": "pre_choice_option_nl.wav"
  }
},
{
  "model": "service_development.voicefragment",
  "pk": 46,
  "fields": {
    "parent": 9,
    "language": 2,
    "audio": "pre_choice_option_en.wav"
  }
},
{
  "model": "service_development.voicefragment",
  "pk": 47,
  "fields": {
    "parent": 9,
    "language": 3,
    "audio": "pre_choice_option_fr.wav"
  }
},
{
  "model": "service_development.voicefragment",
  "pk": 48,
  "fields": {
    "parent": 8,
    "language": 1,
    "audio": "select_language_nl.wav"
  }
},
{
  "model": "service_development.voicefragment",
  "pk": 49,
  "fields": {
    "parent": 8,
    "language": 2,
    "audio": "select_language_en.wav"
  }
},
{
  "model": "service_development.voicefragment",
  "pk": 50,
  "fields": {
    "parent": 8,
    "language": 3,
    "audio": "select_language_fr.wav"
  }
},
{
  "model": "service_development.voicefragment",
  "pk": 51,
  "fields": {
    "parent": 7,
    "language": 1,
    "audio": "french_nl.wav"
  }
},
{
  "model": "service_development.voicefragment",
  "pk": 52,
  "fields": {
    "parent": 7,
    "language": 2,
    "audio": "french_en.wav"
  }
},
{
  "model": "service_development.voicefragment",
  "pk": 53,
  "fields": {
    "parent": 7,
    "language": 3,
    "audio": "french_fr.wav"
  }
},
{
  "model": "service_development.voicefragment",
  "pk": 54,
  "fields": {
    "parent": 6,
    "language": 3,
    "audio": "boring_guy_fr.wav"
  }
},
{
  "model": "service_development.voicefragment",
  "pk": 55,
  "fields": {
    "parent": 5,
    "language": 1,
    "audio": "thank_you_for_using_nl.wav"
  }
},
{
  "model": "service_development.voicefragment",
  "pk": 56,
  "fields": {
    "parent": 5,
    "language": 2,
    "audio": "thank_you_for_using_en.wav"
  }
},
{
  "model": "service_development.voicefragment",
  "pk": 57,
  "fields": {
    "parent": 5,
    "language": 3,
    "audio": "thank_you_for_using_fr.wav"
  }
},
{
  "model": "service_development.voicefragment",
  "pk": 58,
  "fields": {
    "parent": 4,
    "language": 1,
    "audio": "english_nl.wav"
  }
},
{
  "model": "service_development.voicefragment",
  "pk": 59,
  "fields": {
    "parent": 4,
    "language": 2,
    "audio": "english_en.wav"
  }
},
{
  "model": "service_development.voicefragment",
  "pk": 60,
  "fields": {
    "parent": 4,
    "language": 3,
    "audio": "english_fr.wav"
  }
},
{
  "model": "service_development.voicefragment",
  "pk": 61,
  "fields": {
    "parent": 3,
    "language": 1,
    "audio": "truth_nl.wav"
  }
},
{
  "model": "service_development.voicefragment",
  "pk": 62,
  "fields": {
    "parent": 3,
    "language": 2,
    "audio": "truth_en.wav"
  }
},
{
  "model": "service_development.voicefragment",
  "pk": 63,
  "fields": {
    "parent": 3,
    "language": 3,
    "audio": "truth_fr.wav"
  }
},
{
  "model": "service_development.voicefragment",
  "pk": 64,
  "fields": {
    "parent": 2,
    "language": 1,
    "audio": "error_nl.wav"
  }
},
{
  "model": "service_development.voicefragment",
  "pk": 65,
  "fields": {
    "parent": 2,
    "language": 2,
    "audio": "error_en.wav"
  }
},
{
  "model": "service_development.voicefragment",
  "pk": 66,
  "fields": {
    "parent": 2,
    "language": 3,
    "audio": "error_fr.wav"
  }
},
{
  "model": "service_development.voicefragment",
  "pk": 67,
  "fields": {
    "parent": 1,
    "language": 1,
    "audio": "dutch_nl.wav"
  }
},
{
  "model": "service_development.voicefragment",
  "pk": 68,
  "fields": {
    "parent": 1,
    "language": 2,
    "audio": "dutch_en.wav"
  }
},
{
  "model": "service_development.voicefragment",
  "pk": 69,
  "fields": {
    "parent": 1,
    "language": 3,
    "audio": "dutch_fr.wav"
  }
},
{
  "model": "service_development.voicefragment",
  "pk": 70,
  "fields": {
    "parent": 23,
    "language": 1,
    "audio": "king_question_nl.wav"
  }
},
{
  "model": "service_development.voicefragment",
  "pk": 71,
  "fields": {
    "parent": 23,
    "language": 2,
    "audio": "king_question_en.wav"
  }
},
{
  "model": "service_development.voicefragment",
  "pk": 72,
  "fields": {
    "parent": 23,
    "language": 3,
    "audio": "king_question_fr.wav"
  }
},
{
  "model": "service_development.voicefragment",
  "pk": 74,
  "fields": {
    "parent": 25,
    "language": 3,
    "audio": "speakYourMessage.wav"
  }
},
{
  "model": "service_development.voicefragment",
  "pk": 75,
  "fields": {
    "parent": 28,
    "language": 2,
    "audio": "making-a-trade-offer.wav"
  }
},
{
  "model": "service_development.voicefragment",
  "pk": 76,
  "fields": {
    "parent": 27,
    "language": 2,
    "audio": "welcome.wav"
  }
},
{
  "model": "service_development.voicefragment",
  "pk": 77,
  "fields": {
    "parent": 29,
    "language": 2,
    "audio": "listening-to-existing-trade-offers.wav"
  }
},
{
  "model": "service_development.voicefragment",
  "pk": 78,
  "fields": {
    "parent": 30,
    "language": 2,
    "audio": "thank-you-good-day.wav"
  }
},
{
  "model": "service_development.voicefragment",
  "pk": 79,
  "fields": {
    "parent": 31,
    "language": 2,
    "audio": "please-select-type-of-seed.wav"
  }
},
{
  "model": "service_development.voicefragment",
  "pk": 80,
  "fields": {
    "parent": 32,
    "language": 2,
    "audio": "corn.wav"
  }
},
{
  "model": "service_development.voicefragment",
  "pk": 81,
  "fields": {
    "parent": 33,
    "language": 2,
    "audio": "rice.wav"
  }
},
{
  "model": "service_development.voicefragment",
  "pk": 82,
  "fields": {
    "parent": 34,
    "language": 2,
    "audio": "wheat.wav"
  }
},
{
  "model": "service_development.voicefragment",
  "pk": 83,
  "fields": {
    "parent": 35,
    "language": 2,
    "audio": "barley.wav"
  }
},
{
  "model": "service_development.voicefragment",
  "pk": 84,
  "fields": {
    "parent": 36,
    "language": 2,
    "audio": "sorghum.wav"
  }
},
{
  "model": "service_development.voicefragment",
  "pk": 85,
  "fields": {
    "parent": 37,
    "language": 2,
    "audio": "millet.wav"
  }
},
{
  "model": "service_development.voicefragment",
  "pk": 86,
  "fields": {
    "parent": 38,
    "language": 2,
    "audio": "new-offer-choose-seeds.wav"
  }
},
{
  "model": "service_development.voicefragment",
  "pk": 87,
  "fields": {
    "parent": 39,
    "language": 2,
    "audio": "managing-your-current-offers.wav"
  }
},
{
  "model": "service_development.voicefragment",
  "pk": 88,
  "fields": {
    "parent": 40,
    "language": 2,
    "audio": "you-have-chosen-placeholder.wav"
  }
},
{
  "model": "service_development.voicefragment",
  "pk": 89,
  "fields": {
    "parent": 41,
    "language": 2,
    "audio": "do-you-have-transport-available.wav"
  }
},
{
  "model": "service_development.voicefragment",
  "pk": 90,
  "fields": {
    "parent": 42,
    "language": 2,
    "audio": "you-have-offered-and-want-to-recieve-placholder.wav"
  }
},
{
  "model": "service_development.voicefragment",
  "pk": 91,
  "fields": {
    "parent": 43,
    "language": 2,
    "audio": "confirmation-message.wav"
  }
},
{
  "model": "service_development.voicefragment",
  "pk": 92,
  "fields": {
    "parent": 44,
    "language": 2,
    "audio": "is-this-correct.wav"
  }
},
{
  "model": "service_development.voicefragment",
  "pk": 93,
  "fields": {
    "parent": 45,
    "language": 2,
    "audio": "please-leave-a-short-message.wav"
  }
},
{
  "model": "service_development.voicefragment",
  "pk": 94,
  "fields": {
    "parent": 46,
    "language": 2,
    "audio": "sorry-i-didnt-hear-anything.wav"
  }
},
{
  "model": "service_development.voicefragment",
  "pk": 95,
  "fields": {
    "parent": 47,
    "language": 2,
    "audio": "your-message-is.wav"
  }
},
{
  "model": "service_development.voicefragment",
  "pk": 96,
  "fields": {
    "parent": 48,
    "language": 2,
    "audio": "message-now-recorded.wav"
  }
},
{
  "model": "service_development.voicefragment",
  "pk": 97,
  "fields": {
    "parent": 49,
    "language": 2,
    "audio": "done-with-system.wav"
  }
},
{
  "model": "service_development.voicefragment",
  "pk": 98,
  "fields": {
    "parent": 50,
    "language": 2,
    "audio": "success-what-next.wav"
  }
},
{
  "model": "service_development.voicefragment",
  "pk": 99,
  "fields": {
    "parent": 51,
    "language": 2,
    "audio": "please-select-type-of-seed-search.wav"
  }
},
{
  "model": "service_development.voicefragment",
  "pk": 100,
  "fields": {
    "parent": 52,
    "language": 2,
    "audio": "type-of-seed-does-not-matter.wav"
  }
},
{
  "model": "service_development.voicefragment",
  "pk": 101,
  "fields": {
    "parent": 53,
    "language": 2,
    "audio": "you-have-placeholder-available-please-select-what-seeds-you-are-looking-for.wav"
  }
},
{
  "model": "service_development.voicefragment",
  "pk": 102,
  "fields": {
    "parent": 54,
    "language": 2,
    "audio": "you-have-placeholder-available-and-are-looking-for-placeholder.wav"
  }
},
{
  "model": "service_development.voicefragment",
  "pk": 103,
  "fields": {
    "parent": 55,
    "language": 2,
    "audio": "we-have-found-placeholder-offers-that-match.wav"
  }
},
{
  "model": "service_development.voicefragment",
  "pk": 104,
  "fields": {
    "parent": 56,
    "language": 2,
    "audio": "you-currently-have-placeholder-offers-in-out-system.wav"
  }
},
{
  "model": "service_development.voiceservicesubelement",
  "pk": 2,
  "fields": {
    "service": 1,
    "creation_date": "2017-04-23T19:30:23.792Z",
    "modification_date": "2018-02-16T16:42:26.402Z",
    "name": "Does the king like to drink beer?",
    "description": "",
    "voice_label": 23
  }
},
{
  "model": "service_development.voiceservicesubelement",
  "pk": 3,
  "fields": {
    "service": 1,
    "creation_date": "2017-04-23T19:32:07.853Z",
    "modification_date": "2018-01-25T14:35:48.977Z",
    "name": "Yes",
    "description": "King <3's BEER",
    "voice_label": 21
  }
},
{
  "model": "service_development.voiceservicesubelement",
  "pk": 4,
  "fields": {
    "service": 1,
    "creation_date": "2017-04-23T19:32:07.854Z",
    "modification_date": "2018-02-16T16:42:26.405Z",
    "name": "No",
    "description": "",
    "voice_label": 22
  }
},
{
  "model": "service_development.voiceservicesubelement",
  "pk": 5,
  "fields": {
    "service": 1,
    "creation_date": "2017-04-23T19:49:50.055Z",
    "modification_date": "2018-02-16T16:42:51.484Z",
    "name": "This is the truth",
    "description": "",
    "voice_label": 3
  }
},
{
  "model": "service_development.voiceservicesubelement",
  "pk": 6,
  "fields": {
    "service": 1,
    "creation_date": "2017-04-23T21:11:06.805Z",
    "modification_date": "2017-04-23T21:33:29.853Z",
    "name": "Thank you for using this service",
    "description": "",
    "voice_label": 5
  }
},
{
  "model": "service_development.voiceservicesubelement",
  "pk": 7,
  "fields": {
    "service": 1,
    "creation_date": "2017-04-23T21:36:55.756Z",
    "modification_date": "2017-04-23T21:36:55.756Z",
    "name": "King is boring",
    "description": "",
    "voice_label": 6
  }
},
{
  "model": "service_development.voiceservicesubelement",
  "pk": 8,
  "fields": {
    "service": 2,
    "creation_date": "2019-04-30T15:16:30.771Z",
    "modification_date": "2019-05-01T12:26:15.926Z",
    "name": "Main menu",
    "description": "Starting point of system interactions",
    "voice_label": 27
  }
},
{
  "model": "service_development.voiceservicesubelement",
  "pk": 9,
  "fields": {
    "service": 2,
    "creation_date": "2019-04-30T15:16:30.774Z",
    "modification_date": "2019-04-30T16:23:30.178Z",
    "name": "Make a trade offer",
    "description": "",
    "voice_label": 28
  }
},
{
  "model": "service_development.voiceservicesubelement",
  "pk": 10,
  "fields": {
    "service": 2,
    "creation_date": "2019-04-30T15:16:30.776Z",
    "modification_date": "2019-05-01T12:26:15.930Z",
    "name": "Listen to existing offers",
    "description": "",
    "voice_label": 29
  }
},
{
  "model": "service_development.voiceservicesubelement",
  "pk": 11,
  "fields": {
    "service": 2,
    "creation_date": "2019-04-30T15:19:50.166Z",
    "modification_date": "2019-04-30T15:19:50.166Z",
    "name": "Thank you and a good day",
    "description": "Thank you for using se4d. We wish you a pleasant day",
    "voice_label": 30
  }
},
{
  "model": "service_development.voiceservicesubelement",
  "pk": 12,
  "fields": {
    "service": 2,
    "creation_date": "2019-04-30T16:19:22.973Z",
    "modification_date": "2019-04-30T16:45:03.204Z",
    "name": "Choose a seed to offer",
    "description": "",
    "voice_label": 31
  }
},
{
  "model": "service_development.voiceservicesubelement",
  "pk": 13,
  "fields": {
    "service": 2,
    "creation_date": "2019-04-30T16:19:22.977Z",
    "modification_date": "2019-04-30T16:45:03.208Z",
    "name": "Corn",
    "description": "",
    "voice_label": 32
  }
},
{
  "model": "service_development.voiceservicesubelement",
  "pk": 14,
  "fields": {
    "service": 2,
    "creation_date": "2019-04-30T16:19:22.980Z",
    "modification_date": "2019-04-30T16:45:03.211Z",
    "name": "Rice",
    "description": "",
    "voice_label": 33
  }
},
{
  "model": "service_development.voiceservicesubelement",
  "pk": 15,
  "fields": {
    "service": 2,
    "creation_date": "2019-04-30T16:19:22.982Z",
    "modification_date": "2019-04-30T16:45:03.213Z",
    "name": "Wheat",
    "description": "",
    "voice_label": 34
  }
},
{
  "model": "service_development.voiceservicesubelement",
  "pk": 16,
  "fields": {
    "service": 2,
    "creation_date": "2019-04-30T16:19:22.986Z",
    "modification_date": "2019-04-30T16:45:03.215Z",
    "name": "Barley",
    "description": "",
    "voice_label": 35
  }
},
{
  "model": "service_development.voiceservicesubelement",
  "pk": 17,
  "fields": {
    "service": 2,
    "creation_date": "2019-04-30T16:19:22.987Z",
    "modification_date": "2019-04-30T16:45:03.217Z",
    "name": "Sorghum",
    "description": "",
    "voice_label": 36
  }
},
{
  "model": "service_development.voiceservicesubelement",
  "pk": 18,
  "fields": {
    "service": 2,
    "creation_date": "2019-04-30T16:19:22.990Z",
    "modification_date": "2019-04-30T16:45:03.220Z",
    "name": "Millet",
    "description": "",
    "voice_label": 37
  }
},
{
  "model": "service_development.voiceservicesubelement",
  "pk": 19,
  "fields": {
    "service": 2,
    "creation_date": "2019-04-30T16:21:51.782Z",
    "modification_date": "2019-04-30T16:21:51.782Z",
    "name": "Make an offer; what seeds",
    "description": "",
    "voice_label": 38
  }
},
{
  "model": "service_development.voiceservicesubelement",
  "pk": 20,
  "fields": {
    "service": 2,
    "creation_date": "2019-04-30T16:23:30.181Z",
    "modification_date": "2019-04-30T16:23:30.181Z",
    "name": "Manage current offers",
    "description": "",
    "voice_label": 39
  }
},
{
  "model": "service_development.voiceservicesubelement",
  "pk": 21,
  "fields": {
    "service": 2,
    "creation_date": "2019-04-30T16:44:21.013Z",
    "modification_date": "2019-04-30T17:42:54.630Z",
    "name": "Choose a seed to request",
    "description": "",
    "voice_label": 31
  }
},
{
  "model": "service_development.voiceservicesubelement",
  "pk": 22,
  "fields": {
    "service": 2,
    "creation_date": "2019-04-30T16:44:21.017Z",
    "modification_date": "2019-04-30T17:42:54.634Z",
    "name": "Corn",
    "description": "",
    "voice_label": 32
  }
},
{
  "model": "service_development.voiceservicesubelement",
  "pk": 23,
  "fields": {
    "service": 2,
    "creation_date": "2019-04-30T16:44:21.019Z",
    "modification_date": "2019-04-30T17:42:54.636Z",
    "name": "Rice",
    "description": "",
    "voice_label": 33
  }
},
{
  "model": "service_development.voiceservicesubelement",
  "pk": 24,
  "fields": {
    "service": 2,
    "creation_date": "2019-04-30T16:44:21.021Z",
    "modification_date": "2019-04-30T17:42:54.639Z",
    "name": "Wheat",
    "description": "",
    "voice_label": 34
  }
},
{
  "model": "service_development.voiceservicesubelement",
  "pk": 25,
  "fields": {
    "service": 2,
    "creation_date": "2019-04-30T16:44:21.023Z",
    "modification_date": "2019-04-30T17:42:54.642Z",
    "name": "Barley",
    "description": "",
    "voice_label": 35
  }
},
{
  "model": "service_development.voiceservicesubelement",
  "pk": 26,
  "fields": {
    "service": 2,
    "creation_date": "2019-04-30T16:44:21.026Z",
    "modification_date": "2019-04-30T17:42:54.645Z",
    "name": "Sorghum",
    "description": "",
    "voice_label": 36
  }
},
{
  "model": "service_development.voiceservicesubelement",
  "pk": 27,
  "fields": {
    "service": 2,
    "creation_date": "2019-04-30T16:44:21.028Z",
    "modification_date": "2019-04-30T17:42:54.648Z",
    "name": "Millet",
    "description": "",
    "voice_label": 37
  }
},
{
  "model": "service_development.voiceservicesubelement",
  "pk": 28,
  "fields": {
    "service": 2,
    "creation_date": "2019-04-30T16:44:28.825Z",
    "modification_date": "2019-04-30T16:44:37.588Z",
    "name": "Make a request; what seeds",
    "description": "",
    "voice_label": 40
  }
},
{
  "model": "service_development.voiceservicesubelement",
  "pk": 29,
  "fields": {
    "service": 2,
    "creation_date": "2019-04-30T17:39:04.841Z",
    "modification_date": "2019-04-30T17:57:15.634Z",
    "name": "Choose transport",
    "description": "",
    "voice_label": 41
  }
},
{
  "model": "service_development.voiceservicesubelement",
  "pk": 30,
  "fields": {
    "service": 2,
    "creation_date": "2019-04-30T17:39:04.846Z",
    "modification_date": "2019-04-30T17:57:15.639Z",
    "name": "Yes",
    "description": "",
    "voice_label": 21
  }
},
{
  "model": "service_development.voiceservicesubelement",
  "pk": 31,
  "fields": {
    "service": 2,
    "creation_date": "2019-04-30T17:39:04.851Z",
    "modification_date": "2019-04-30T17:57:15.643Z",
    "name": "No",
    "description": "",
    "voice_label": 22
  }
},
{
  "model": "service_development.voiceservicesubelement",
  "pk": 32,
  "fields": {
    "service": 2,
    "creation_date": "2019-04-30T17:42:07.974Z",
    "modification_date": "2019-05-01T12:28:54.528Z",
    "name": "You offered and requested (placeholder)",
    "description": "",
    "voice_label": 42
  }
},
{
  "model": "service_development.voiceservicesubelement",
  "pk": 33,
  "fields": {
    "service": 2,
    "creation_date": "2019-04-30T17:55:17.449Z",
    "modification_date": "2019-04-30T17:56:58.398Z",
    "name": "Confirmation playback",
    "description": "",
    "voice_label": 43
  }
},
{
  "model": "service_development.voiceservicesubelement",
  "pk": 34,
  "fields": {
    "service": 2,
    "creation_date": "2019-04-30T17:56:47.493Z",
    "modification_date": "2019-04-30T18:04:32.795Z",
    "name": "Confirm offer choice",
    "description": "",
    "voice_label": 44
  }
},
{
  "model": "service_development.voiceservicesubelement",
  "pk": 35,
  "fields": {
    "service": 2,
    "creation_date": "2019-04-30T17:56:47.498Z",
    "modification_date": "2019-04-30T18:04:32.801Z",
    "name": "Yes",
    "description": "",
    "voice_label": 21
  }
},
{
  "model": "service_development.voiceservicesubelement",
  "pk": 36,
  "fields": {
    "service": 2,
    "creation_date": "2019-04-30T17:56:47.501Z",
    "modification_date": "2019-04-30T17:59:30.098Z",
    "name": "No",
    "description": "",
    "voice_label": 22
  }
},
{
  "model": "service_development.voiceservicesubelement",
  "pk": 37,
  "fields": {
    "service": 2,
    "creation_date": "2019-04-30T18:03:39.899Z",
    "modification_date": "2019-04-30T18:09:30.802Z",
    "name": "Leave a Message",
    "description": "",
    "voice_label": 45
  }
},
{
  "model": "service_development.voiceservicesubelement",
  "pk": 38,
  "fields": {
    "service": 2,
    "creation_date": "2019-04-30T18:12:45.060Z",
    "modification_date": "2019-04-30T18:28:15.221Z",
    "name": "Exit",
    "description": "",
    "voice_label": 49
  }
},
{
  "model": "service_development.voiceservicesubelement",
  "pk": 39,
  "fields": {
    "service": 2,
    "creation_date": "2019-04-30T18:31:23.372Z",
    "modification_date": "2019-04-30T18:31:54.154Z",
    "name": "Offer finished; what next",
    "description": "",
    "voice_label": 50
  }
},
{
  "model": "service_development.voiceservicesubelement",
  "pk": 40,
  "fields": {
    "service": 2,
    "creation_date": "2019-04-30T18:31:23.377Z",
    "modification_date": "2019-04-30T18:31:23.377Z",
    "name": "Another Offer",
    "description": "",
    "voice_label": 28
  }
},
{
  "model": "service_development.voiceservicesubelement",
  "pk": 41,
  "fields": {
    "service": 2,
    "creation_date": "2019-04-30T18:31:23.380Z",
    "modification_date": "2019-04-30T18:31:51.356Z",
    "name": "Listen to existing offers",
    "description": "",
    "voice_label": 29
  }
},
{
  "model": "service_development.voiceservicesubelement",
  "pk": 42,
  "fields": {
    "service": 2,
    "creation_date": "2019-04-30T18:31:23.382Z",
    "modification_date": "2019-04-30T18:31:51.359Z",
    "name": "Manage current offers",
    "description": "",
    "voice_label": 39
  }
},
{
  "model": "service_development.voiceservicesubelement",
  "pk": 43,
  "fields": {
    "service": 2,
    "creation_date": "2019-04-30T18:31:23.384Z",
    "modification_date": "2019-04-30T18:31:51.362Z",
    "name": "Exit",
    "description": "",
    "voice_label": 49
  }
},
{
  "model": "service_development.voiceservicesubelement",
  "pk": 44,
  "fields": {
    "service": 2,
    "creation_date": "2019-05-01T12:25:06.484Z",
    "modification_date": "2019-05-01T12:31:57.831Z",
    "name": "You have; please choose search (placeholder)",
    "description": "",
    "voice_label": 53
  }
},
{
  "model": "service_development.voiceservicesubelement",
  "pk": 45,
  "fields": {
    "service": 2,
    "creation_date": "2019-05-01T12:25:09.850Z",
    "modification_date": "2019-05-01T12:25:48.790Z",
    "name": "Select a type of seeds you have available",
    "description": "",
    "voice_label": 51
  }
},
{
  "model": "service_development.voiceservicesubelement",
  "pk": 46,
  "fields": {
    "service": 2,
    "creation_date": "2019-05-01T12:25:09.855Z",
    "modification_date": "2019-05-01T12:25:48.793Z",
    "name": "Corn",
    "description": "",
    "voice_label": 32
  }
},
{
  "model": "service_development.voiceservicesubelement",
  "pk": 47,
  "fields": {
    "service": 2,
    "creation_date": "2019-05-01T12:25:09.858Z",
    "modification_date": "2019-05-01T12:25:48.795Z",
    "name": "Rice",
    "description": "",
    "voice_label": 33
  }
},
{
  "model": "service_development.voiceservicesubelement",
  "pk": 48,
  "fields": {
    "service": 2,
    "creation_date": "2019-05-01T12:25:09.860Z",
    "modification_date": "2019-05-01T12:25:48.796Z",
    "name": "Wheat",
    "description": "",
    "voice_label": 34
  }
},
{
  "model": "service_development.voiceservicesubelement",
  "pk": 49,
  "fields": {
    "service": 2,
    "creation_date": "2019-05-01T12:25:09.864Z",
    "modification_date": "2019-05-01T12:25:48.798Z",
    "name": "Barley",
    "description": "",
    "voice_label": 35
  }
},
{
  "model": "service_development.voiceservicesubelement",
  "pk": 50,
  "fields": {
    "service": 2,
    "creation_date": "2019-05-01T12:25:09.866Z",
    "modification_date": "2019-05-01T12:25:48.800Z",
    "name": "Sorghum",
    "description": "",
    "voice_label": 36
  }
},
{
  "model": "service_development.voiceservicesubelement",
  "pk": 51,
  "fields": {
    "service": 2,
    "creation_date": "2019-05-01T12:25:09.868Z",
    "modification_date": "2019-05-01T12:25:48.802Z",
    "name": "Millet",
    "description": "",
    "voice_label": 37
  }
},
{
  "model": "service_development.voiceservicesubelement",
  "pk": 52,
  "fields": {
    "service": 2,
    "creation_date": "2019-05-01T12:25:09.870Z",
    "modification_date": "2019-05-01T12:25:48.805Z",
    "name": "Any",
    "description": "",
    "voice_label": 52
  }
},
{
  "model": "service_development.voiceservicesubelement",
  "pk": 53,
  "fields": {
    "service": 2,
    "creation_date": "2019-05-01T12:31:22.355Z",
    "modification_date": "2019-05-01T12:39:42.417Z",
    "name": "You have; Looking For (placeholder)",
    "description": "",
    "voice_label": 54
  }
},
{
  "model": "service_development.voiceservicesubelement",
  "pk": 54,
  "fields": {
    "service": 2,
    "creation_date": "2019-05-01T12:31:25.697Z",
    "modification_date": "2019-05-01T12:31:45.049Z",
    "name": "Select what type of seeds you are looking for",
    "description": "",
    "voice_label": 31
  }
},
{
  "model": "service_development.voiceservicesubelement",
  "pk": 55,
  "fields": {
    "service": 2,
    "creation_date": "2019-05-01T12:31:25.702Z",
    "modification_date": "2019-05-01T12:31:45.054Z",
    "name": "Corn",
    "description": "",
    "voice_label": 32
  }
},
{
  "model": "service_development.voiceservicesubelement",
  "pk": 56,
  "fields": {
    "service": 2,
    "creation_date": "2019-05-01T12:31:25.705Z",
    "modification_date": "2019-05-01T12:31:45.056Z",
    "name": "Rice",
    "description": "",
    "voice_label": 33
  }
},
{
  "model": "service_development.voiceservicesubelement",
  "pk": 57,
  "fields": {
    "service": 2,
    "creation_date": "2019-05-01T12:31:25.707Z",
    "modification_date": "2019-05-01T12:31:45.058Z",
    "name": "Wheat",
    "description": "",
    "voice_label": 34
  }
},
{
  "model": "service_development.voiceservicesubelement",
  "pk": 58,
  "fields": {
    "service": 2,
    "creation_date": "2019-05-01T12:31:25.709Z",
    "modification_date": "2019-05-01T12:31:45.061Z",
    "name": "Barley",
    "description": "",
    "voice_label": 35
  }
},
{
  "model": "service_development.voiceservicesubelement",
  "pk": 59,
  "fields": {
    "service": 2,
    "creation_date": "2019-05-01T12:31:25.712Z",
    "modification_date": "2019-05-01T12:31:45.064Z",
    "name": "Sorghum",
    "description": "",
    "voice_label": 36
  }
},
{
  "model": "service_development.voiceservicesubelement",
  "pk": 60,
  "fields": {
    "service": 2,
    "creation_date": "2019-05-01T12:31:25.713Z",
    "modification_date": "2019-05-01T12:31:45.066Z",
    "name": "Millet",
    "description": "",
    "voice_label": 37
  }
},
{
  "model": "service_development.voiceservicesubelement",
  "pk": 61,
  "fields": {
    "service": 2,
    "creation_date": "2019-05-01T12:31:25.715Z",
    "modification_date": "2019-05-01T12:31:45.068Z",
    "name": "Any",
    "description": "",
    "voice_label": 52
  }
},
{
  "model": "service_development.voiceservicesubelement",
  "pk": 62,
  "fields": {
    "service": 2,
    "creation_date": "2019-05-01T12:38:06.723Z",
    "modification_date": "2019-05-01T12:50:14.369Z",
    "name": "We have found offers (placeholder)",
    "description": "",
    "voice_label": 55
  }
},
{
  "model": "service_development.voiceservicesubelement",
  "pk": 63,
  "fields": {
    "service": 2,
    "creation_date": "2019-05-01T12:39:26.974Z",
    "modification_date": "2019-05-01T12:39:26.975Z",
    "name": "Do you have transport",
    "description": "",
    "voice_label": 41
  }
},
{
  "model": "service_development.voiceservicesubelement",
  "pk": 64,
  "fields": {
    "service": 2,
    "creation_date": "2019-05-01T12:39:26.980Z",
    "modification_date": "2019-05-01T12:39:26.980Z",
    "name": "Yes",
    "description": "",
    "voice_label": 21
  }
},
{
  "model": "service_development.voiceservicesubelement",
  "pk": 65,
  "fields": {
    "service": 2,
    "creation_date": "2019-05-01T12:39:26.984Z",
    "modification_date": "2019-05-01T12:39:26.984Z",
    "name": "No",
    "description": "",
    "voice_label": 22
  }
},
{
  "model": "service_development.voiceservicesubelement",
  "pk": 66,
  "fields": {
    "service": 2,
    "creation_date": "2019-05-01T12:49:38.035Z",
    "modification_date": "2019-05-01T12:49:53.253Z",
    "name": "You currently have offers (placeholder)",
    "description": "",
    "voice_label": 56
  }
},
{
  "model": "service_development.voiceserviceelement",
  "pk": 2,
  "fields": {}
},
{
  "model": "service_development.voiceserviceelement",
  "pk": 5,
  "fields": {}
},
{
  "model": "service_development.voiceserviceelement",
  "pk": 6,
  "fields": {}
},
{
  "model": "service_development.voiceserviceelement",
  "pk": 7,
  "fields": {}
},
{
  "model": "service_development.voiceserviceelement",
  "pk": 8,
  "fields": {}
},
{
  "model": "service_development.voiceserviceelement",
  "pk": 11,
  "fields": {}
},
{
  "model": "service_development.voiceserviceelement",
  "pk": 12,
  "fields": {}
},
{
  "model": "service_development.voiceserviceelement",
  "pk": 19,
  "fields": {}
},
{
  "model": "service_development.voiceserviceelement",
  "pk": 21,
  "fields": {}
},
{
  "model": "service_development.voiceserviceelement",
  "pk": 28,
  "fields": {}
},
{
  "model": "service_development.voiceserviceelement",
  "pk": 29,
  "fields": {}
},
{
  "model": "service_development.voiceserviceelement",
  "pk": 32,
  "fields": {}
},
{
  "model": "service_development.voiceserviceelement",
  "pk": 33,
  "fields": {}
},
{
  "model": "service_development.voiceserviceelement",
  "pk": 34,
  "fields": {}
},
{
  "model": "service_development.voiceserviceelement",
  "pk": 37,
  "fields": {}
},
{
  "model": "service_development.voiceserviceelement",
  "pk": 39,
  "fields": {}
},
{
  "model": "service_development.voiceserviceelement",
  "pk": 44,
  "fields": {}
},
{
  "model": "service_development.voiceserviceelement",
  "pk": 45,
  "fields": {}
},
{
  "model": "service_development.voiceserviceelement",
  "pk": 53,
  "fields": {}
},
{
  "model": "service_development.voiceserviceelement",
  "pk": 54,
  "fields": {}
},
{
  "model": "service_development.voiceserviceelement",
  "pk": 62,
  "fields": {}
},
{
  "model": "service_development.voiceserviceelement",
  "pk": 63,
  "fields": {}
},
{
  "model": "service_development.voiceserviceelement",
  "pk": 66,
  "fields": {}
},
{
  "model": "service_development.voiceservice",
  "pk": 1,
  "fields": {
    "name": "King's truth checker",
    "description": "Checks the user's knowledge about the king of the Netherlands",
    "creation_date": "2017-04-23T19:23:52.392Z",
    "modification_date": "2018-02-16T09:58:43.936Z",
    "active": false,
    "_start_element": 2,
    "registration": "preferred",
    "registration_language": true,
    "registration_name": false,
    "supported_languages": [
      1,
      2,
      3
    ]
  }
},
{
  "model": "service_development.voiceservice",
  "pk": 2,
  "fields": {
    "name": "se4d",
    "description": "Seeds Exchange for Development",
    "creation_date": "2019-04-30T14:00:35.274Z",
    "modification_date": "2019-04-30T15:20:16.651Z",
    "active": true,
    "_start_element": 8,
    "registration": "preferred",
    "registration_language": true,
    "registration_name": false,
    "supported_languages": [
      2
    ]
  }
},
{
  "model": "service_development.kasadakauser",
  "pk": 1,
  "fields": {
    "caller_id": "456",
    "first_name": "Henk",
    "last_name": "Ernia",
    "creation_date": "2018-02-02T11:10:27.670Z",
    "modification_date": "2018-02-12T14:44:24.019Z",
    "language": 1,
    "service": 1
  }
},
{
  "model": "service_development.callsession",
  "pk": 1,
  "fields": {
    "start": "2019-04-30T15:02:21.264Z",
    "end": null,
    "user": null,
    "caller_id": null,
    "service": 1,
    "_language": null
  }
},
{
  "model": "service_development.callsession",
  "pk": 2,
  "fields": {
    "start": "2019-04-30T15:02:56.566Z",
    "end": "2019-04-30T15:03:16.126Z",
    "user": null,
    "caller_id": null,
    "service": 1,
    "_language": 2
  }
},
{
  "model": "service_development.callsession",
  "pk": 3,
  "fields": {
    "start": "2019-04-30T15:16:45.219Z",
    "end": null,
    "user": null,
    "caller_id": null,
    "service": 2,
    "_language": 2
  }
},
{
  "model": "service_development.callsession",
  "pk": 4,
  "fields": {
    "start": "2019-04-30T15:16:47.287Z",
    "end": null,
    "user": null,
    "caller_id": null,
    "service": 2,
    "_language": 2
  }
},
{
  "model": "service_development.callsession",
  "pk": 5,
  "fields": {
    "start": "2019-04-30T15:20:19.306Z",
    "end": "2019-04-30T15:20:19.428Z",
    "user": null,
    "caller_id": null,
    "service": 2,
    "_language": 2
  }
},
{
  "model": "service_development.callsession",
  "pk": 6,
  "fields": {
    "start": "2019-04-30T15:20:28.936Z",
    "end": "2019-04-30T15:20:29.094Z",
    "user": null,
    "caller_id": null,
    "service": 2,
    "_language": 2
  }
},
{
  "model": "service_development.callsession",
  "pk": 7,
  "fields": {
    "start": "2019-04-30T16:24:18.619Z",
    "end": "2019-04-30T16:24:35.057Z",
    "user": null,
    "caller_id": null,
    "service": 2,
    "_language": 2
  }
},
{
  "model": "service_development.callsession",
  "pk": 8,
  "fields": {
    "start": "2019-04-30T16:25:06.243Z",
    "end": "2019-04-30T16:25:08.851Z",
    "user": null,
    "caller_id": null,
    "service": 2,
    "_language": 2
  }
},
{
  "model": "service_development.callsession",
  "pk": 9,
  "fields": {
    "start": "2019-04-30T16:32:01.484Z",
    "end": "2019-04-30T16:32:09.252Z",
    "user": null,
    "caller_id": null,
    "service": 2,
    "_language": 2
  }
},
{
  "model": "service_development.callsession",
  "pk": 10,
  "fields": {
    "start": "2019-04-30T16:45:12.650Z",
    "end": "2019-04-30T16:45:34.793Z",
    "user": null,
    "caller_id": null,
    "service": 2,
    "_language": 2
  }
},
{
  "model": "service_development.callsession",
  "pk": 11,
  "fields": {
    "start": "2019-04-30T17:42:59.872Z",
    "end": "2019-04-30T17:43:47.184Z",
    "user": null,
    "caller_id": null,
    "service": 2,
    "_language": 2
  }
},
{
  "model": "service_development.callsession",
  "pk": 12,
  "fields": {
    "start": "2019-04-30T17:57:25.088Z",
    "end": "2019-04-30T17:57:59.985Z",
    "user": null,
    "caller_id": null,
    "service": 2,
    "_language": 2
  }
},
{
  "model": "service_development.callsession",
  "pk": 13,
  "fields": {
    "start": "2019-04-30T17:58:47.703Z",
    "end": "2019-04-30T17:59:05.273Z",
    "user": null,
    "caller_id": null,
    "service": 2,
    "_language": 2
  }
},
{
  "model": "service_development.callsession",
  "pk": 14,
  "fields": {
    "start": "2019-04-30T18:04:37.735Z",
    "end": "2019-04-30T18:04:41.966Z",
    "user": null,
    "caller_id": null,
    "service": 2,
    "_language": 2
  }
},
{
  "model": "service_development.callsession",
  "pk": 15,
  "fields": {
    "start": "2019-04-30T18:04:59.796Z",
    "end": "2019-04-30T18:05:44.931Z",
    "user": null,
    "caller_id": null,
    "service": 2,
    "_language": 2
  }
},
{
  "model": "service_development.callsession",
  "pk": 16,
  "fields": {
    "start": "2019-04-30T18:06:20.762Z",
    "end": "2019-05-01T12:12:48.956Z",
    "user": null,
    "caller_id": null,
    "service": 2,
    "_language": 2
  }
},
{
  "model": "service_development.callsession",
  "pk": 17,
  "fields": {
    "start": "2019-04-30T18:09:42.902Z",
    "end": "2019-04-30T18:09:43.042Z",
    "user": null,
    "caller_id": null,
    "service": 2,
    "_language": 2
  }
},
{
  "model": "service_development.callsession",
  "pk": 18,
  "fields": {
    "start": "2019-04-30T18:09:51.291Z",
    "end": "2019-04-30T18:09:51.454Z",
    "user": null,
    "caller_id": null,
    "service": 2,
    "_language": 2
  }
},
{
  "model": "service_development.callsession",
  "pk": 19,
  "fields": {
    "start": "2019-04-30T18:10:14.531Z",
    "end": "2019-04-30T18:10:39.784Z",
    "user": null,
    "caller_id": null,
    "service": 2,
    "_language": 2
  }
},
{
  "model": "service_development.callsession",
  "pk": 20,
  "fields": {
    "start": "2019-05-01T12:25:56.344Z",
    "end": "2019-05-01T12:26:02.520Z",
    "user": null,
    "caller_id": null,
    "service": 2,
    "_language": 2
  }
},
{
  "model": "service_development.callsession",
  "pk": 21,
  "fields": {
    "start": "2019-05-01T12:26:20.058Z",
    "end": "2019-05-01T12:26:28.191Z",
    "user": null,
    "caller_id": null,
    "service": 2,
    "_language": 2
  }
},
{
  "model": "service_development.callsession",
  "pk": 22,
  "fields": {
    "start": "2019-05-01T12:32:00.733Z",
    "end": "2019-05-01T12:32:15.287Z",
    "user": null,
    "caller_id": null,
    "service": 2,
    "_language": 2
  }
},
{
  "model": "service_development.callsession",
  "pk": 23,
  "fields": {
    "start": "2019-05-01T12:33:46.871Z",
    "end": "2019-05-01T12:33:49.482Z",
    "user": null,
    "caller_id": null,
    "service": 2,
    "_language": 2
  }
},
{
  "model": "service_development.callsession",
  "pk": 24,
  "fields": {
    "start": "2019-05-01T12:33:53.969Z",
    "end": "2019-05-01T12:34:13.613Z",
    "user": null,
    "caller_id": null,
    "service": 2,
    "_language": 2
  }
},
{
  "model": "service_development.callsession",
  "pk": 25,
  "fields": {
    "start": "2019-05-01T12:39:53.074Z",
    "end": "2019-05-01T12:40:11.687Z",
    "user": null,
    "caller_id": null,
    "service": 2,
    "_language": 2
  }
},
{
  "model": "service_development.callsession",
  "pk": 26,
  "fields": {
    "start": "2019-05-01T12:53:42.484Z",
    "end": "2019-05-01T12:53:46.436Z",
    "user": null,
    "caller_id": null,
    "service": 2,
    "_language": 2
  }
},
{
  "model": "service_development.callsession",
  "pk": 27,
  "fields": {
    "start": "2019-05-01T12:55:25.784Z",
    "end": "2019-05-01T12:55:25.916Z",
    "user": null,
    "caller_id": null,
    "service": 2,
    "_language": 2
  }
},
{
  "model": "service_development.callsession",
  "pk": 28,
  "fields": {
    "start": "2019-05-01T12:55:48.711Z",
    "end": "2019-05-01T12:55:48.809Z",
    "user": null,
    "caller_id": null,
    "service": 2,
    "_language": 2
  }
},
{
  "model": "service_development.callsessionstep",
  "pk": 1,
  "fields": {
    "time": "2019-04-30T15:03:07.122Z",
    "session": 2,
    "_visited_element": null,
    "description": "Language selected, English"
  }
},
{
  "model": "service_development.callsessionstep",
  "pk": 2,
  "fields": {
    "time": "2019-04-30T15:03:07.339Z",
    "session": 2,
    "_visited_element": 2,
    "description": null
  }
},
{
  "model": "service_development.callsessionstep",
  "pk": 3,
  "fields": {
    "time": "2019-04-30T15:03:15.990Z",
    "session": 2,
    "_visited_element": 7,
    "description": null
  }
},
{
  "model": "service_development.callsessionstep",
  "pk": 4,
  "fields": {
    "time": "2019-04-30T15:03:16.150Z",
    "session": 2,
    "_visited_element": 6,
    "description": null
  }
},
{
  "model": "service_development.callsessionstep",
  "pk": 5,
  "fields": {
    "time": "2019-04-30T15:20:19.441Z",
    "session": 5,
    "_visited_element": 8,
    "description": null
  }
},
{
  "model": "service_development.callsessionstep",
  "pk": 6,
  "fields": {
    "time": "2019-04-30T15:20:29.131Z",
    "session": 6,
    "_visited_element": 8,
    "description": null
  }
},
{
  "model": "service_development.callsessionstep",
  "pk": 7,
  "fields": {
    "time": "2019-04-30T16:24:18.775Z",
    "session": 7,
    "_visited_element": 8,
    "description": null
  }
},
{
  "model": "service_development.callsessionstep",
  "pk": 8,
  "fields": {
    "time": "2019-04-30T16:24:35.077Z",
    "session": 7,
    "_visited_element": 12,
    "description": null
  }
},
{
  "model": "service_development.callsessionstep",
  "pk": 9,
  "fields": {
    "time": "2019-04-30T16:25:06.521Z",
    "session": 8,
    "_visited_element": 8,
    "description": null
  }
},
{
  "model": "service_development.callsessionstep",
  "pk": 10,
  "fields": {
    "time": "2019-04-30T16:25:08.887Z",
    "session": 8,
    "_visited_element": 12,
    "description": null
  }
},
{
  "model": "service_development.callsessionstep",
  "pk": 11,
  "fields": {
    "time": "2019-04-30T16:32:01.637Z",
    "session": 9,
    "_visited_element": 8,
    "description": null
  }
},
{
  "model": "service_development.callsessionstep",
  "pk": 12,
  "fields": {
    "time": "2019-04-30T16:32:09.275Z",
    "session": 9,
    "_visited_element": 12,
    "description": null
  }
},
{
  "model": "service_development.callsessionstep",
  "pk": 13,
  "fields": {
    "time": "2019-04-30T16:45:12.849Z",
    "session": 10,
    "_visited_element": 8,
    "description": null
  }
},
{
  "model": "service_development.callsessionstep",
  "pk": 14,
  "fields": {
    "time": "2019-04-30T16:45:14.933Z",
    "session": 10,
    "_visited_element": 12,
    "description": null
  }
},
{
  "model": "service_development.callsessionstep",
  "pk": 15,
  "fields": {
    "time": "2019-04-30T16:45:20.288Z",
    "session": 10,
    "_visited_element": 28,
    "description": null
  }
},
{
  "model": "service_development.callsessionstep",
  "pk": 16,
  "fields": {
    "time": "2019-04-30T16:45:20.432Z",
    "session": 10,
    "_visited_element": 21,
    "description": null
  }
},
{
  "model": "service_development.callsessionstep",
  "pk": 17,
  "fields": {
    "time": "2019-04-30T16:45:34.815Z",
    "session": 10,
    "_visited_element": 11,
    "description": null
  }
},
{
  "model": "service_development.callsessionstep",
  "pk": 18,
  "fields": {
    "time": "2019-04-30T17:43:00.035Z",
    "session": 11,
    "_visited_element": 8,
    "description": null
  }
},
{
  "model": "service_development.callsessionstep",
  "pk": 19,
  "fields": {
    "time": "2019-04-30T17:43:02.726Z",
    "session": 11,
    "_visited_element": 12,
    "description": null
  }
},
{
  "model": "service_development.callsessionstep",
  "pk": 20,
  "fields": {
    "time": "2019-04-30T17:43:22.072Z",
    "session": 11,
    "_visited_element": 28,
    "description": null
  }
},
{
  "model": "service_development.callsessionstep",
  "pk": 21,
  "fields": {
    "time": "2019-04-30T17:43:22.235Z",
    "session": 11,
    "_visited_element": 21,
    "description": null
  }
},
{
  "model": "service_development.callsessionstep",
  "pk": 22,
  "fields": {
    "time": "2019-04-30T17:43:34.247Z",
    "session": 11,
    "_visited_element": 32,
    "description": null
  }
},
{
  "model": "service_development.callsessionstep",
  "pk": 23,
  "fields": {
    "time": "2019-04-30T17:43:34.425Z",
    "session": 11,
    "_visited_element": 29,
    "description": null
  }
},
{
  "model": "service_development.callsessionstep",
  "pk": 24,
  "fields": {
    "time": "2019-04-30T17:43:47.194Z",
    "session": 11,
    "_visited_element": 11,
    "description": null
  }
},
{
  "model": "service_development.callsessionstep",
  "pk": 25,
  "fields": {
    "time": "2019-04-30T17:57:25.252Z",
    "session": 12,
    "_visited_element": 8,
    "description": null
  }
},
{
  "model": "service_development.callsessionstep",
  "pk": 26,
  "fields": {
    "time": "2019-04-30T17:57:26.626Z",
    "session": 12,
    "_visited_element": 12,
    "description": null
  }
},
{
  "model": "service_development.callsessionstep",
  "pk": 27,
  "fields": {
    "time": "2019-04-30T17:57:30.753Z",
    "session": 12,
    "_visited_element": 28,
    "description": null
  }
},
{
  "model": "service_development.callsessionstep",
  "pk": 28,
  "fields": {
    "time": "2019-04-30T17:57:30.899Z",
    "session": 12,
    "_visited_element": 21,
    "description": null
  }
},
{
  "model": "service_development.callsessionstep",
  "pk": 29,
  "fields": {
    "time": "2019-04-30T17:57:39.799Z",
    "session": 12,
    "_visited_element": 32,
    "description": null
  }
},
{
  "model": "service_development.callsessionstep",
  "pk": 30,
  "fields": {
    "time": "2019-04-30T17:57:39.935Z",
    "session": 12,
    "_visited_element": 29,
    "description": null
  }
},
{
  "model": "service_development.callsessionstep",
  "pk": 31,
  "fields": {
    "time": "2019-04-30T17:57:47.897Z",
    "session": 12,
    "_visited_element": 33,
    "description": null
  }
},
{
  "model": "service_development.callsessionstep",
  "pk": 32,
  "fields": {
    "time": "2019-04-30T17:57:48.050Z",
    "session": 12,
    "_visited_element": 34,
    "description": null
  }
},
{
  "model": "service_development.callsessionstep",
  "pk": 33,
  "fields": {
    "time": "2019-04-30T17:58:00.006Z",
    "session": 12,
    "_visited_element": 11,
    "description": null
  }
},
{
  "model": "service_development.callsessionstep",
  "pk": 34,
  "fields": {
    "time": "2019-04-30T17:58:47.855Z",
    "session": 13,
    "_visited_element": 8,
    "description": null
  }
},
{
  "model": "service_development.callsessionstep",
  "pk": 35,
  "fields": {
    "time": "2019-04-30T17:58:49.158Z",
    "session": 13,
    "_visited_element": 12,
    "description": null
  }
},
{
  "model": "service_development.callsessionstep",
  "pk": 36,
  "fields": {
    "time": "2019-04-30T17:58:50.690Z",
    "session": 13,
    "_visited_element": 28,
    "description": null
  }
},
{
  "model": "service_development.callsessionstep",
  "pk": 37,
  "fields": {
    "time": "2019-04-30T17:58:50.836Z",
    "session": 13,
    "_visited_element": 21,
    "description": null
  }
},
{
  "model": "service_development.callsessionstep",
  "pk": 38,
  "fields": {
    "time": "2019-04-30T17:58:52.242Z",
    "session": 13,
    "_visited_element": 32,
    "description": null
  }
},
{
  "model": "service_development.callsessionstep",
  "pk": 39,
  "fields": {
    "time": "2019-04-30T17:58:52.324Z",
    "session": 13,
    "_visited_element": 29,
    "description": null
  }
},
{
  "model": "service_development.callsessionstep",
  "pk": 40,
  "fields": {
    "time": "2019-04-30T17:58:55.101Z",
    "session": 13,
    "_visited_element": 33,
    "description": null
  }
},
{
  "model": "service_development.callsessionstep",
  "pk": 41,
  "fields": {
    "time": "2019-04-30T17:58:55.219Z",
    "session": 13,
    "_visited_element": 34,
    "description": null
  }
},
{
  "model": "service_development.callsessionstep",
  "pk": 42,
  "fields": {
    "time": "2019-04-30T17:59:05.296Z",
    "session": 13,
    "_visited_element": 12,
    "description": null
  }
},
{
  "model": "service_development.callsessionstep",
  "pk": 43,
  "fields": {
    "time": "2019-04-30T18:04:37.898Z",
    "session": 14,
    "_visited_element": 8,
    "description": null
  }
},
{
  "model": "service_development.callsessionstep",
  "pk": 44,
  "fields": {
    "time": "2019-04-30T18:04:39.729Z",
    "session": 14,
    "_visited_element": 12,
    "description": null
  }
},
{
  "model": "service_development.callsessionstep",
  "pk": 45,
  "fields": {
    "time": "2019-04-30T18:04:41.095Z",
    "session": 14,
    "_visited_element": 28,
    "description": null
  }
},
{
  "model": "service_development.callsessionstep",
  "pk": 46,
  "fields": {
    "time": "2019-04-30T18:04:41.253Z",
    "session": 14,
    "_visited_element": 21,
    "description": null
  }
},
{
  "model": "service_development.callsessionstep",
  "pk": 47,
  "fields": {
    "time": "2019-04-30T18:04:41.861Z",
    "session": 14,
    "_visited_element": 32,
    "description": null
  }
},
{
  "model": "service_development.callsessionstep",
  "pk": 48,
  "fields": {
    "time": "2019-04-30T18:04:41.977Z",
    "session": 14,
    "_visited_element": 29,
    "description": null
  }
},
{
  "model": "service_development.callsessionstep",
  "pk": 49,
  "fields": {
    "time": "2019-04-30T18:04:59.956Z",
    "session": 15,
    "_visited_element": 8,
    "description": null
  }
},
{
  "model": "service_development.callsessionstep",
  "pk": 50,
  "fields": {
    "time": "2019-04-30T18:05:00.524Z",
    "session": 15,
    "_visited_element": 12,
    "description": null
  }
},
{
  "model": "service_development.callsessionstep",
  "pk": 51,
  "fields": {
    "time": "2019-04-30T18:05:01.018Z",
    "session": 15,
    "_visited_element": 28,
    "description": null
  }
},
{
  "model": "service_development.callsessionstep",
  "pk": 52,
  "fields": {
    "time": "2019-04-30T18:05:01.148Z",
    "session": 15,
    "_visited_element": 21,
    "description": null
  }
},
{
  "model": "service_development.callsessionstep",
  "pk": 53,
  "fields": {
    "time": "2019-04-30T18:05:01.654Z",
    "session": 15,
    "_visited_element": 32,
    "description": null
  }
},
{
  "model": "service_development.callsessionstep",
  "pk": 54,
  "fields": {
    "time": "2019-04-30T18:05:01.778Z",
    "session": 15,
    "_visited_element": 29,
    "description": null
  }
},
{
  "model": "service_development.callsessionstep",
  "pk": 55,
  "fields": {
    "time": "2019-04-30T18:05:09.110Z",
    "session": 15,
    "_visited_element": 33,
    "description": null
  }
},
{
  "model": "service_development.callsessionstep",
  "pk": 56,
  "fields": {
    "time": "2019-04-30T18:05:09.202Z",
    "session": 15,
    "_visited_element": 34,
    "description": null
  }
},
{
  "model": "service_development.callsessionstep",
  "pk": 57,
  "fields": {
    "time": "2019-04-30T18:05:11.969Z",
    "session": 15,
    "_visited_element": 37,
    "description": null
  }
},
{
  "model": "service_development.callsessionstep",
  "pk": 58,
  "fields": {
    "time": "2019-04-30T18:05:44.975Z",
    "session": 15,
    "_visited_element": 37,
    "description": null
  }
},
{
  "model": "service_development.callsessionstep",
  "pk": 59,
  "fields": {
    "time": "2019-04-30T18:06:20.916Z",
    "session": 16,
    "_visited_element": 8,
    "description": null
  }
},
{
  "model": "service_development.callsessionstep",
  "pk": 60,
  "fields": {
    "time": "2019-04-30T18:06:58.797Z",
    "session": 16,
    "_visited_element": 12,
    "description": null
  }
},
{
  "model": "service_development.callsessionstep",
  "pk": 61,
  "fields": {
    "time": "2019-04-30T18:07:17.436Z",
    "session": 16,
    "_visited_element": 28,
    "description": null
  }
},
{
  "model": "service_development.callsessionstep",
  "pk": 62,
  "fields": {
    "time": "2019-04-30T18:07:26.206Z",
    "session": 16,
    "_visited_element": 21,
    "description": null
  }
},
{
  "model": "service_development.callsessionstep",
  "pk": 63,
  "fields": {
    "time": "2019-04-30T18:07:32.833Z",
    "session": 16,
    "_visited_element": 32,
    "description": null
  }
},
{
  "model": "service_development.callsessionstep",
  "pk": 64,
  "fields": {
    "time": "2019-04-30T18:07:39.598Z",
    "session": 16,
    "_visited_element": 29,
    "description": null
  }
},
{
  "model": "service_development.callsessionstep",
  "pk": 65,
  "fields": {
    "time": "2019-04-30T18:07:46.706Z",
    "session": 16,
    "_visited_element": 33,
    "description": null
  }
},
{
  "model": "service_development.callsessionstep",
  "pk": 66,
  "fields": {
    "time": "2019-04-30T18:07:52.451Z",
    "session": 16,
    "_visited_element": 34,
    "description": null
  }
},
{
  "model": "service_development.callsessionstep",
  "pk": 67,
  "fields": {
    "time": "2019-04-30T18:07:59.222Z",
    "session": 16,
    "_visited_element": 37,
    "description": null
  }
},
{
  "model": "service_development.callsessionstep",
  "pk": 68,
  "fields": {
    "time": "2019-04-30T18:09:43.061Z",
    "session": 17,
    "_visited_element": 8,
    "description": null
  }
},
{
  "model": "service_development.callsessionstep",
  "pk": 69,
  "fields": {
    "time": "2019-04-30T18:09:51.471Z",
    "session": 18,
    "_visited_element": 8,
    "description": null
  }
},
{
  "model": "service_development.callsessionstep",
  "pk": 70,
  "fields": {
    "time": "2019-04-30T18:10:00.006Z",
    "session": 16,
    "_visited_element": 34,
    "description": null
  }
},
{
  "model": "service_development.callsessionstep",
  "pk": 71,
  "fields": {
    "time": "2019-04-30T18:10:05.131Z",
    "session": 16,
    "_visited_element": 37,
    "description": null
  }
},
{
  "model": "service_development.callsessionstep",
  "pk": 72,
  "fields": {
    "time": "2019-04-30T18:10:14.711Z",
    "session": 19,
    "_visited_element": 8,
    "description": null
  }
},
{
  "model": "service_development.callsessionstep",
  "pk": 73,
  "fields": {
    "time": "2019-04-30T18:10:16.284Z",
    "session": 19,
    "_visited_element": 12,
    "description": null
  }
},
{
  "model": "service_development.callsessionstep",
  "pk": 74,
  "fields": {
    "time": "2019-04-30T18:10:16.774Z",
    "session": 19,
    "_visited_element": 28,
    "description": null
  }
},
{
  "model": "service_development.callsessionstep",
  "pk": 75,
  "fields": {
    "time": "2019-04-30T18:10:16.881Z",
    "session": 19,
    "_visited_element": 21,
    "description": null
  }
},
{
  "model": "service_development.callsessionstep",
  "pk": 76,
  "fields": {
    "time": "2019-04-30T18:10:17.426Z",
    "session": 19,
    "_visited_element": 32,
    "description": null
  }
},
{
  "model": "service_development.callsessionstep",
  "pk": 77,
  "fields": {
    "time": "2019-04-30T18:10:17.552Z",
    "session": 19,
    "_visited_element": 29,
    "description": null
  }
},
{
  "model": "service_development.callsessionstep",
  "pk": 78,
  "fields": {
    "time": "2019-04-30T18:10:17.872Z",
    "session": 19,
    "_visited_element": 33,
    "description": null
  }
},
{
  "model": "service_development.callsessionstep",
  "pk": 79,
  "fields": {
    "time": "2019-04-30T18:10:17.979Z",
    "session": 19,
    "_visited_element": 34,
    "description": null
  }
},
{
  "model": "service_development.callsessionstep",
  "pk": 80,
  "fields": {
    "time": "2019-04-30T18:10:20.111Z",
    "session": 19,
    "_visited_element": 37,
    "description": null
  }
},
{
  "model": "service_development.callsessionstep",
  "pk": 81,
  "fields": {
    "time": "2019-04-30T18:10:39.812Z",
    "session": 19,
    "_visited_element": 11,
    "description": null
  }
},
{
  "model": "service_development.callsessionstep",
  "pk": 82,
  "fields": {
    "time": "2019-05-01T12:12:48.971Z",
    "session": 16,
    "_visited_element": 37,
    "description": null
  }
},
{
  "model": "service_development.callsessionstep",
  "pk": 83,
  "fields": {
    "time": "2019-05-01T12:25:56.501Z",
    "session": 20,
    "_visited_element": 8,
    "description": null
  }
},
{
  "model": "service_development.callsessionstep",
  "pk": 84,
  "fields": {
    "time": "2019-05-01T12:26:02.535Z",
    "session": 20,
    "_visited_element": 11,
    "description": null
  }
},
{
  "model": "service_development.callsessionstep",
  "pk": 85,
  "fields": {
    "time": "2019-05-01T12:26:20.199Z",
    "session": 21,
    "_visited_element": 8,
    "description": null
  }
},
{
  "model": "service_development.callsessionstep",
  "pk": 86,
  "fields": {
    "time": "2019-05-01T12:26:21.807Z",
    "session": 21,
    "_visited_element": 45,
    "description": null
  }
},
{
  "model": "service_development.callsessionstep",
  "pk": 87,
  "fields": {
    "time": "2019-05-01T12:26:28.066Z",
    "session": 21,
    "_visited_element": 44,
    "description": null
  }
},
{
  "model": "service_development.callsessionstep",
  "pk": 88,
  "fields": {
    "time": "2019-05-01T12:26:28.208Z",
    "session": 21,
    "_visited_element": 11,
    "description": null
  }
},
{
  "model": "service_development.callsessionstep",
  "pk": 89,
  "fields": {
    "time": "2019-05-01T12:32:00.887Z",
    "session": 22,
    "_visited_element": 8,
    "description": null
  }
},
{
  "model": "service_development.callsessionstep",
  "pk": 90,
  "fields": {
    "time": "2019-05-01T12:32:01.946Z",
    "session": 22,
    "_visited_element": 45,
    "description": null
  }
},
{
  "model": "service_development.callsessionstep",
  "pk": 91,
  "fields": {
    "time": "2019-05-01T12:32:04.338Z",
    "session": 22,
    "_visited_element": 44,
    "description": null
  }
},
{
  "model": "service_development.callsessionstep",
  "pk": 92,
  "fields": {
    "time": "2019-05-01T12:32:04.479Z",
    "session": 22,
    "_visited_element": 54,
    "description": null
  }
},
{
  "model": "service_development.callsessionstep",
  "pk": 93,
  "fields": {
    "time": "2019-05-01T12:32:15.194Z",
    "session": 22,
    "_visited_element": 53,
    "description": null
  }
},
{
  "model": "service_development.callsessionstep",
  "pk": 94,
  "fields": {
    "time": "2019-05-01T12:32:15.337Z",
    "session": 22,
    "_visited_element": 6,
    "description": null
  }
},
{
  "model": "service_development.callsessionstep",
  "pk": 95,
  "fields": {
    "time": "2019-05-01T12:33:46.992Z",
    "session": 23,
    "_visited_element": 8,
    "description": null
  }
},
{
  "model": "service_development.callsessionstep",
  "pk": 96,
  "fields": {
    "time": "2019-05-01T12:33:49.507Z",
    "session": 23,
    "_visited_element": 12,
    "description": null
  }
},
{
  "model": "service_development.callsessionstep",
  "pk": 97,
  "fields": {
    "time": "2019-05-01T12:33:54.109Z",
    "session": 24,
    "_visited_element": 8,
    "description": null
  }
},
{
  "model": "service_development.callsessionstep",
  "pk": 98,
  "fields": {
    "time": "2019-05-01T12:33:57.799Z",
    "session": 24,
    "_visited_element": 45,
    "description": null
  }
},
{
  "model": "service_development.callsessionstep",
  "pk": 99,
  "fields": {
    "time": "2019-05-01T12:34:03.980Z",
    "session": 24,
    "_visited_element": 44,
    "description": null
  }
},
{
  "model": "service_development.callsessionstep",
  "pk": 100,
  "fields": {
    "time": "2019-05-01T12:34:04.106Z",
    "session": 24,
    "_visited_element": 54,
    "description": null
  }
},
{
  "model": "service_development.callsessionstep",
  "pk": 101,
  "fields": {
    "time": "2019-05-01T12:34:13.535Z",
    "session": 24,
    "_visited_element": 53,
    "description": null
  }
},
{
  "model": "service_development.callsessionstep",
  "pk": 102,
  "fields": {
    "time": "2019-05-01T12:34:13.619Z",
    "session": 24,
    "_visited_element": 11,
    "description": null
  }
},
{
  "model": "service_development.callsessionstep",
  "pk": 103,
  "fields": {
    "time": "2019-05-01T12:39:53.305Z",
    "session": 25,
    "_visited_element": 8,
    "description": null
  }
},
{
  "model": "service_development.callsessionstep",
  "pk": 104,
  "fields": {
    "time": "2019-05-01T12:39:55.549Z",
    "session": 25,
    "_visited_element": 45,
    "description": null
  }
},
{
  "model": "service_development.callsessionstep",
  "pk": 105,
  "fields": {
    "time": "2019-05-01T12:39:59.645Z",
    "session": 25,
    "_visited_element": 44,
    "description": null
  }
},
{
  "model": "service_development.callsessionstep",
  "pk": 106,
  "fields": {
    "time": "2019-05-01T12:39:59.799Z",
    "session": 25,
    "_visited_element": 54,
    "description": null
  }
},
{
  "model": "service_development.callsessionstep",
  "pk": 107,
  "fields": {
    "time": "2019-05-01T12:40:03.465Z",
    "session": 25,
    "_visited_element": 53,
    "description": null
  }
},
{
  "model": "service_development.callsessionstep",
  "pk": 108,
  "fields": {
    "time": "2019-05-01T12:40:03.579Z",
    "session": 25,
    "_visited_element": 63,
    "description": null
  }
},
{
  "model": "service_development.callsessionstep",
  "pk": 109,
  "fields": {
    "time": "2019-05-01T12:40:11.590Z",
    "session": 25,
    "_visited_element": 62,
    "description": null
  }
},
{
  "model": "service_development.callsessionstep",
  "pk": 110,
  "fields": {
    "time": "2019-05-01T12:40:11.709Z",
    "session": 25,
    "_visited_element": 11,
    "description": null
  }
},
{
  "model": "service_development.callsessionstep",
  "pk": 111,
  "fields": {
    "time": "2019-05-01T12:53:42.680Z",
    "session": 26,
    "_visited_element": 8,
    "description": null
  }
},
{
  "model": "service_development.callsessionstep",
  "pk": 112,
  "fields": {
    "time": "2019-05-01T12:53:46.452Z",
    "session": 26,
    "_visited_element": 8,
    "description": null
  }
},
{
  "model": "service_development.callsessionstep",
  "pk": 113,
  "fields": {
    "time": "2019-05-01T12:55:25.960Z",
    "session": 27,
    "_visited_element": 8,
    "description": null
  }
},
{
  "model": "service_development.callsessionstep",
  "pk": 114,
  "fields": {
    "time": "2019-05-01T12:55:48.823Z",
    "session": 28,
    "_visited_element": 8,
    "description": null
  }
},
{
  "model": "service_development.choice",
  "pk": 2,
  "fields": {}
},
{
  "model": "service_development.choice",
  "pk": 8,
  "fields": {}
},
{
  "model": "service_development.choice",
  "pk": 12,
  "fields": {}
},
{
  "model": "service_development.choice",
  "pk": 21,
  "fields": {}
},
{
  "model": "service_development.choice",
  "pk": 29,
  "fields": {}
},
{
  "model": "service_development.choice",
  "pk": 34,
  "fields": {}
},
{
  "model": "service_development.choice",
  "pk": 39,
  "fields": {}
},
{
  "model": "service_development.choice",
  "pk": 45,
  "fields": {}
},
{
  "model": "service_development.choice",
  "pk": 54,
  "fields": {}
},
{
  "model": "service_development.choice",
  "pk": 63,
  "fields": {}
},
{
  "model": "service_development.choiceoption",
  "pk": 3,
  "fields": {
    "parent": 2,
    "_redirect": 5
  }
},
{
  "model": "service_development.choiceoption",
  "pk": 4,
  "fields": {
    "parent": 2,
    "_redirect": 7
  }
},
{
  "model": "service_development.choiceoption",
  "pk": 9,
  "fields": {
    "parent": 8,
    "_redirect": 12
  }
},
{
  "model": "service_development.choiceoption",
  "pk": 10,
  "fields": {
    "parent": 8,
    "_redirect": 45
  }
},
{
  "model": "service_development.choiceoption",
  "pk": 13,
  "fields": {
    "parent": 12,
    "_redirect": 28
  }
},
{
  "model": "service_development.choiceoption",
  "pk": 14,
  "fields": {
    "parent": 12,
    "_redirect": 28
  }
},
{
  "model": "service_development.choiceoption",
  "pk": 15,
  "fields": {
    "parent": 12,
    "_redirect": 28
  }
},
{
  "model": "service_development.choiceoption",
  "pk": 16,
  "fields": {
    "parent": 12,
    "_redirect": 28
  }
},
{
  "model": "service_development.choiceoption",
  "pk": 17,
  "fields": {
    "parent": 12,
    "_redirect": 28
  }
},
{
  "model": "service_development.choiceoption",
  "pk": 18,
  "fields": {
    "parent": 12,
    "_redirect": 28
  }
},
{
  "model": "service_development.choiceoption",
  "pk": 20,
  "fields": {
    "parent": 8,
    "_redirect": 11
  }
},
{
  "model": "service_development.choiceoption",
  "pk": 22,
  "fields": {
    "parent": 21,
    "_redirect": 32
  }
},
{
  "model": "service_development.choiceoption",
  "pk": 23,
  "fields": {
    "parent": 21,
    "_redirect": 32
  }
},
{
  "model": "service_development.choiceoption",
  "pk": 24,
  "fields": {
    "parent": 21,
    "_redirect": 32
  }
},
{
  "model": "service_development.choiceoption",
  "pk": 25,
  "fields": {
    "parent": 21,
    "_redirect": 32
  }
},
{
  "model": "service_development.choiceoption",
  "pk": 26,
  "fields": {
    "parent": 21,
    "_redirect": 32
  }
},
{
  "model": "service_development.choiceoption",
  "pk": 27,
  "fields": {
    "parent": 21,
    "_redirect": 32
  }
},
{
  "model": "service_development.choiceoption",
  "pk": 30,
  "fields": {
    "parent": 29,
    "_redirect": 33
  }
},
{
  "model": "service_development.choiceoption",
  "pk": 31,
  "fields": {
    "parent": 29,
    "_redirect": 33
  }
},
{
  "model": "service_development.choiceoption",
  "pk": 35,
  "fields": {
    "parent": 34,
    "_redirect": 37
  }
},
{
  "model": "service_development.choiceoption",
  "pk": 36,
  "fields": {
    "parent": 34,
    "_redirect": 19
  }
},
{
  "model": "service_development.choiceoption",
  "pk": 38,
  "fields": {
    "parent": 8,
    "_redirect": 11
  }
},
{
  "model": "service_development.choiceoption",
  "pk": 40,
  "fields": {
    "parent": 39,
    "_redirect": 19
  }
},
{
  "model": "service_development.choiceoption",
  "pk": 41,
  "fields": {
    "parent": 39,
    "_redirect": 11
  }
},
{
  "model": "service_development.choiceoption",
  "pk": 42,
  "fields": {
    "parent": 39,
    "_redirect": 11
  }
},
{
  "model": "service_development.choiceoption",
  "pk": 43,
  "fields": {
    "parent": 39,
    "_redirect": 11
  }
},
{
  "model": "service_development.choiceoption",
  "pk": 46,
  "fields": {
    "parent": 45,
    "_redirect": 44
  }
},
{
  "model": "service_development.choiceoption",
  "pk": 47,
  "fields": {
    "parent": 45,
    "_redirect": 44
  }
},
{
  "model": "service_development.choiceoption",
  "pk": 48,
  "fields": {
    "parent": 45,
    "_redirect": 44
  }
},
{
  "model": "service_development.choiceoption",
  "pk": 49,
  "fields": {
    "parent": 45,
    "_redirect": 44
  }
},
{
  "model": "service_development.choiceoption",
  "pk": 50,
  "fields": {
    "parent": 45,
    "_redirect": 44
  }
},
{
  "model": "service_development.choiceoption",
  "pk": 51,
  "fields": {
    "parent": 45,
    "_redirect": 44
  }
},
{
  "model": "service_development.choiceoption",
  "pk": 52,
  "fields": {
    "parent": 45,
    "_redirect": 44
  }
},
{
  "model": "service_development.choiceoption",
  "pk": 55,
  "fields": {
    "parent": 54,
    "_redirect": 53
  }
},
{
  "model": "service_development.choiceoption",
  "pk": 56,
  "fields": {
    "parent": 54,
    "_redirect": 53
  }
},
{
  "model": "service_development.choiceoption",
  "pk": 57,
  "fields": {
    "parent": 54,
    "_redirect": 53
  }
},
{
  "model": "service_development.choiceoption",
  "pk": 58,
  "fields": {
    "parent": 54,
    "_redirect": 53
  }
},
{
  "model": "service_development.choiceoption",
  "pk": 59,
  "fields": {
    "parent": 54,
    "_redirect": 53
  }
},
{
  "model": "service_development.choiceoption",
  "pk": 60,
  "fields": {
    "parent": 54,
    "_redirect": 53
  }
},
{
  "model": "service_development.choiceoption",
  "pk": 61,
  "fields": {
    "parent": 54,
    "_redirect": 53
  }
},
{
  "model": "service_development.choiceoption",
  "pk": 64,
  "fields": {
    "parent": 63,
    "_redirect": 62
  }
},
{
  "model": "service_development.choiceoption",
  "pk": 65,
  "fields": {
    "parent": 63,
    "_redirect": 62
  }
},
{
  "model": "service_development.messagepresentation",
  "pk": 5,
  "fields": {
    "final_element": false,
    "_redirect": 6
  }
},
{
  "model": "service_development.messagepresentation",
  "pk": 6,
  "fields": {
    "final_element": true,
    "_redirect": null
  }
},
{
  "model": "service_development.messagepresentation",
  "pk": 7,
  "fields": {
    "final_element": false,
    "_redirect": 6
  }
},
{
  "model": "service_development.messagepresentation",
  "pk": 11,
  "fields": {
    "final_element": true,
    "_redirect": null
  }
},
{
  "model": "service_development.messagepresentation",
  "pk": 19,
  "fields": {
    "final_element": false,
    "_redirect": 12
  }
},
{
  "model": "service_development.messagepresentation",
  "pk": 28,
  "fields": {
    "final_element": false,
    "_redirect": 21
  }
},
{
  "model": "service_development.messagepresentation",
  "pk": 32,
  "fields": {
    "final_element": false,
    "_redirect": 29
  }
},
{
  "model": "service_development.messagepresentation",
  "pk": 33,
  "fields": {
    "final_element": false,
    "_redirect": 34
  }
},
{
  "model": "service_development.messagepresentation",
  "pk": 44,
  "fields": {
    "final_element": false,
    "_redirect": 54
  }
},
{
  "model": "service_development.messagepresentation",
  "pk": 53,
  "fields": {
    "final_element": false,
    "_redirect": 63
  }
},
{
  "model": "service_development.messagepresentation",
  "pk": 62,
  "fields": {
    "final_element": false,
    "_redirect": 39
  }
},
{
  "model": "service_development.messagepresentation",
  "pk": 66,
  "fields": {
    "final_element": false,
    "_redirect": 39
  }
},
{
  "model": "service_development.userinputcategory",
  "pk": 1,
  "fields": {
    "name": "Introduction Message",
    "description": "Small messages left by users to lay an initial connection. This way the user can hear who they may be dealing with before trying to contact them.",
    "service": 2
  }
},
{
  "model": "service_development.userinputcategory",
  "pk": 2,
  "fields": {
    "name": "Seed Type",
    "description": "If a type is not in the system users can leave a message with their own seed type.",
    "service": 2
  }
},
{
  "model": "service_development.spokenuserinput",
  "pk": 1,
  "fields": {
    "audio": "uploads/recording_19_37.wav",
    "time": "2019-04-30T18:10:39.642Z",
    "session": 19,
    "category": 1,
    "description": null
  }
},
{
  "model": "service_development.record",
  "pk": 37,
  "fields": {
    "not_heard_voice_label": 46,
    "repeat_recording_to_caller": true,
    "repeat_voice_label": 47,
    "ask_confirmation": true,
    "ask_confirmation_voice_label": 44,
    "final_voice_label": 48,
    "input_category": 1,
    "max_time_input": 12,
    "_redirect": 11
  }
}
]
