[
{
  "model": "service_development.voicelabel",
  "pk": 1,
  "fields": {
    "name": "Dutch language",
    "description": "Nederlandse taal"
  }
},
{
  "model": "service_development.voicelabel",
  "pk": 2,
  "fields": {
    "name": "General error message",
    "description": ""
  }
},
{
  "model": "service_development.voicelabel",
  "pk": 3,
  "fields": {
    "name": "This is the truth",
    "description": ""
  }
},
{
  "model": "service_development.voicelabel",
  "pk": 4,
  "fields": {
    "name": "English language",
    "description": ""
  }
},
{
  "model": "service_development.voicelabel",
  "pk": 5,
  "fields": {
    "name": "Thank you for using this service",
    "description": ""
  }
},
{
  "model": "service_development.voicelabel",
  "pk": 6,
  "fields": {
    "name": "Wow, it must be a really boring guy!",
    "description": ""
  }
},
{
  "model": "service_development.voicelabel",
  "pk": 7,
  "fields": {
    "name": "French language",
    "description": ""
  }
},
{
  "model": "service_development.voicelabel",
  "pk": 8,
  "fields": {
    "name": "Please select your language",
    "description": ""
  }
},
{
  "model": "service_development.voicelabel",
  "pk": 9,
  "fields": {
    "name": "Pre Choice Option",
    "description": ""
  }
},
{
  "model": "service_development.voicelabel",
  "pk": 10,
  "fields": {
    "name": "Post Choice Option",
    "description": ""
  }
},
{
  "model": "service_development.voicelabel",
  "pk": 11,
  "fields": {
    "name": "One",
    "description": ""
  }
},
{
  "model": "service_development.voicelabel",
  "pk": 12,
  "fields": {
    "name": "Two",
    "description": ""
  }
},
{
  "model": "service_development.voicelabel",
  "pk": 13,
  "fields": {
    "name": "Three",
    "description": ""
  }
},
{
  "model": "service_development.voicelabel",
  "pk": 14,
  "fields": {
    "name": "Four",
    "description": null
  }
},
{
  "model": "service_development.voicelabel",
  "pk": 15,
  "fields": {
    "name": "Five",
    "description": ""
  }
},
{
  "model": "service_development.voicelabel",
  "pk": 16,
  "fields": {
    "name": "Six",
    "description": ""
  }
},
{
  "model": "service_development.voicelabel",
  "pk": 17,
  "fields": {
    "name": "Seven",
    "description": ""
  }
},
{
  "model": "service_development.voicelabel",
  "pk": 18,
  "fields": {
    "name": "Eight",
    "description": ""
  }
},
{
  "model": "service_development.voicelabel",
  "pk": 19,
  "fields": {
    "name": "Nine",
    "description": ""
  }
},
{
  "model": "service_development.voicelabel",
  "pk": 20,
  "fields": {
    "name": "Zero",
    "description": ""
  }
},
{
  "model": "service_development.voicelabel",
  "pk": 21,
  "fields": {
    "name": "Yes",
    "description": ""
  }
},
{
  "model": "service_development.voicelabel",
  "pk": 22,
  "fields": {
    "name": "No",
    "description": ""
  }
},
{
  "model": "service_development.voicelabel",
  "pk": 23,
  "fields": {
    "name": "Does the king like to drink beer?",
    "description": ""
  }
},
{
  "model": "service_development.voicelabel",
  "pk": 25,
  "fields": {
    "name": "Please speak your message",
    "description": ""
  }
},
{
  "model": "service_development.voicelabel",
  "pk": 26,
  "fields": {
    "name": "Bambaran Language",
    "description": null
  }
},
{
  "model": "service_development.voicelabel",
  "pk": 27,
  "fields": {
    "name": "Welcome to se4d",
    "description": "Welcome message"
  }
},
{
  "model": "service_development.voicelabel",
  "pk": 28,
  "fields": {
    "name": "Making a trade offer",
    "description": null
  }
},
{
  "model": "service_development.voicelabel",
  "pk": 29,
  "fields": {
    "name": "Listening to existing offers",
    "description": null
  }
},
{
  "model": "service_development.voicelabel",
  "pk": 30,
  "fields": {
    "name": "Thank you and a good day",
    "description": null
  }
},
{
  "model": "service_development.voicelabel",
  "pk": 31,
  "fields": {
    "name": "Please select the type of seed",
    "description": null
  }
},
{
  "model": "service_development.voicelabel",
  "pk": 32,
  "fields": {
    "name": "Corn",
    "description": null
  }
},
{
  "model": "service_development.voicelabel",
  "pk": 33,
  "fields": {
    "name": "Rice",
    "description": null
  }
},
{
  "model": "service_development.voicelabel",
  "pk": 34,
  "fields": {
    "name": "Wheat",
    "description": null
  }
},
{
  "model": "service_development.voicelabel",
  "pk": 35,
  "fields": {
    "name": "Barley",
    "description": null
  }
},
{
  "model": "service_development.voicelabel",
  "pk": 36,
  "fields": {
    "name": "Sorghum",
    "description": null
  }
},
{
  "model": "service_development.voicelabel",
  "pk": 37,
  "fields": {
    "name": "Millet",
    "description": null
  }
},
{
  "model": "service_development.voicelabel",
  "pk": 38,
  "fields": {
    "name": "Make an offer, choose seeds",
    "description": null
  }
},
{
  "model": "service_development.voicelabel",
  "pk": 39,
  "fields": {
    "name": "Manage my current offers",
    "description": null
  }
},
{
  "model": "service_development.voicelabel",
  "pk": 40,
  "fields": {
    "name": "Made an offer, what request",
    "description": null
  }
},
{
  "model": "service_development.voicelabel",
  "pk": 41,
  "fields": {
    "name": "Do you have transport",
    "description": null
  }
},
{
  "model": "service_development.voicelabel",
  "pk": 42,
  "fields": {
    "name": "You offered and requested",
    "description": null
  }
},
{
  "model": "service_development.voicelabel",
  "pk": 43,
  "fields": {
    "name": "Confirmation Playback placeholder",
    "description": null
  }
},
{
  "model": "service_development.voicelabel",
  "pk": 44,
  "fields": {
    "name": "Is this correct",
    "description": null
  }
},
{
  "model": "service_development.voicelabel",
  "pk": 45,
  "fields": {
    "name": "Please leave a short message",
    "description": null
  }
},
{
  "model": "service_development.voicelabel",
  "pk": 46,
  "fields": {
    "name": "Sorry I didn't hear anythin",
    "description": null
  }
},
{
  "model": "service_development.voicelabel",
  "pk": 47,
  "fields": {
    "name": "Your message is",
    "description": null
  }
},
{
  "model": "service_development.voicelabel",
  "pk": 48,
  "fields": {
    "name": "Message now recorded",
    "description": null
  }
},
{
  "model": "service_development.voicelabel",
  "pk": 49,
  "fields": {
    "name": "Done with the system",
    "description": null
  }
},
{
  "model": "service_development.voicelabel",
  "pk": 50,
  "fields": {
    "name": "Succes; what next?",
    "description": null
  }
},
{
  "model": "service_development.voicelabel",
  "pk": 51,
  "fields": {
    "name": "Please select type of seed (search)",
    "description": null
  }
},
{
  "model": "service_development.voicelabel",
  "pk": 52,
  "fields": {
    "name": "Type of seed does not matter",
    "description": null
  }
},
{
  "model": "service_development.voicelabel",
  "pk": 53,
  "fields": {
    "name": "You have placholder available, please select",
    "description": null
  }
},
{
  "model": "service_development.voicelabel",
  "pk": 54,
  "fields": {
    "name": "You have and are looking for (placeholder)",
    "description": null
  }
},
{
  "model": "service_development.voicelabel",
  "pk": 55,
  "fields": {
    "name": "Found offers (placeholder)",
    "description": null
  }
},
{
  "model": "service_development.voicelabel",
  "pk": 56,
  "fields": {
    "name": "Current offers in system (placeholder)",
    "description": null
  }
},
{
  "model": "service_development.language",
  "pk": 1,
  "fields": {
    "name": "Nederlands",
    "code": "nl",
    "voice_label": 1,
    "error_message": 2,
    "select_language": 8,
    "pre_choice_option": 9,
    "post_choice_option": 10,
    "one": 11,
    "two": 12,
    "three": 13,
    "four": 14,
    "five": 15,
    "six": 16,
    "seven": 17,
    "eight": 18,
    "nine": 19,
    "zero": 20
  }
},
{
  "model": "service_development.language",
  "pk": 2,
  "fields": {
    "name": "English",
    "code": "en",
    "voice_label": 4,
    "error_message": 2,
    "select_language": 8,
    "pre_choice_option": 9,
    "post_choice_option": 10,
    "one": 11,
    "two": 12,
    "three": 13,
    "four": 14,
    "five": 15,
    "six": 16,
    "seven": 17,
    "eight": 18,
    "nine": 19,
    "zero": 20
  }
},
{
  "model": "service_development.language",
  "pk": 3,
  "fields": {
    "name": "Francais",
    "code": "fr",
    "voice_label": 7,
    "error_message": 2,
    "select_language": 8,
    "pre_choice_option": 9,
    "post_choice_option": 10,
    "one": 11,
    "two": 12,
    "three": 13,
    "four": 14,
    "five": 15,
    "six": 16,
    "seven": 17,
    "eight": 18,
    "nine": 19,
    "zero": 20
  }
},
{
  "model": "service_development.language",
  "pk": 4,
  "fields": {
    "name": "Bambara",
    "code": "bm",
    "voice_label": 26,
    "error_message": 2,
    "select_language": 8,
    "pre_choice_option": 9,
    "post_choice_option": 10,
    "one": 11,
    "two": 12,
    "three": 13,
    "four": 14,
    "five": 15,
    "six": 16,
    "seven": 17,
    "eight": 18,
    "nine": 19,
    "zero": 20
  }
},
{
  "model": "service_development.voicefragment",
  "pk": 1,
  "fields": {
    "parent": 6,
    "language": 2,
    "audio": "boring_guy_en.wav"
  }
},
{
  "model": "service_development.voicefragment",
  "pk": 2,
  "fields": {
    "parent": 6,
    "language": 1,
    "audio": "boring_guy_nl.wav"
  }
},
{
  "model": "service_development.voicefragment",
  "pk": 6,
  "fields": {
    "parent": 22,
    "language": 1,
    "audio": "no_nl.wav"
  }
},
{
  "model": "service_development.voicefragment",
  "pk": 7,
  "fields": {
    "parent": 22,
    "language": 2,
    "audio": "no_en.wav"
  }
},
{
  "model": "service_development.voicefragment",
  "pk": 8,
  "fields": {
    "parent": 22,
    "language": 3,
    "audio": "no_fr.wav"
  }
},
{
  "model": "service_development.voicefragment",
  "pk": 9,
  "fields": {
    "parent": 21,
    "language": 1,
    "audio": "yes_nl.wav"
  }
},
{
  "model": "service_development.voicefragment",
  "pk": 10,
  "fields": {
    "parent": 21,
    "language": 2,
    "audio": "yes_en.wav"
  }
},
{
  "model": "service_development.voicefragment",
  "pk": 11,
  "fields": {
    "parent": 21,
    "language": 3,
    "audio": "yes_fr.wav"
  }
},
{
  "model": "service_development.voicefragment",
  "pk": 12,
  "fields": {
    "parent": 20,
    "language": 1,
    "audio": "0_nl.wav"
  }
},
{
  "model": "service_development.voicefragment",
  "pk": 13,
  "fields": {
    "parent": 20,
    "language": 2,
    "audio": "0_en.wav"
  }
},
{
  "model": "service_development.voicefragment",
  "pk": 14,
  "fields": {
    "parent": 20,
    "language": 3,
    "audio": "0_fr.wav"
  }
},
{
  "model": "service_development.voicefragment",
  "pk": 15,
  "fields": {
    "parent": 19,
    "language": 1,
    "audio": "9_nl.wav"
  }
},
{
  "model": "service_development.voicefragment",
  "pk": 16,
  "fields": {
    "parent": 19,
    "language": 2,
    "audio": "9_fr.wav"
  }
},
{
  "model": "service_development.voicefragment",
  "pk": 17,
  "fields": {
    "parent": 19,
    "language": 3,
    "audio": "9_en.wav"
  }
},
{
  "model": "service_development.voicefragment",
  "pk": 18,
  "fields": {
    "parent": 18,
    "language": 1,
    "audio": "8_nl.wav"
  }
},
{
  "model": "service_development.voicefragment",
  "pk": 19,
  "fields": {
    "parent": 18,
    "language": 2,
    "audio": "8_en.wav"
  }
},
{
  "model": "service_development.voicefragment",
  "pk": 20,
  "fields": {
    "parent": 18,
    "language": 3,
    "audio": "8_fr.wav"
  }
},
{
  "model": "service_development.voicefragment",
  "pk": 21,
  "fields": {
    "parent": 17,
    "language": 1,
    "audio": "7_nl.wav"
  }
},
{
  "model": "service_development.voicefragment",
  "pk": 22,
  "fields": {
    "parent": 17,
    "language": 2,
    "audio": "7_en.wav"
  }
},
{
  "model": "service_development.voicefragment",
  "pk": 23,
  "fields": {
    "parent": 17,
    "language": 3,
    "audio": "7_fr.wav"
  }
},
{
  "model": "service_development.voicefragment",
  "pk": 24,
  "fields": {
    "parent": 16,
    "language": 1,
    "audio": "6_nl.wav"
  }
},
{
  "model": "service_development.voicefragment",
  "pk": 25,
  "fields": {
    "parent": 16,
    "language": 2,
    "audio": "6_en.wav"
  }
},
{
  "model": "service_development.voicefragment",
  "pk": 26,
  "fields": {
    "parent": 16,
    "language": 3,
    "audio": "6_fr.wav"
  }
},
{
  "model": "service_development.voicefragment",
  "pk": 27,
  "fields": {
    "parent": 15,
    "language": 1,
    "audio": "5_nl.wav"
  }
},
{
  "model": "service_development.voicefragment",
  "pk": 28,
  "fields": {
    "parent": 15,
    "language": 2,
    "audio": "5_en.wav"
  }
},
{
  "model": "service_development.voicefragment",
  "pk": 29,
  "fields": {
    "parent": 15,
    "language": 3,
    "audio": "5_fr.wav"
  }
},
{
  "model": "service_development.voicefragment",
  "pk": 30,
  "fields": {
    "parent": 14,
    "language": 1,
    "audio": "4_nl.wav"
  }
},
{
  "model": "service_development.voicefragment",
  "pk": 31,
  "fields": {
    "parent": 14,
    "language": 3,
    "audio": "4_fr.wav"
  }
},
{
  "model": "service_development.voicefragment",
  "pk": 32,
  "fields": {
    "parent": 14,
    "language": 2,
    "audio": "4_en.wav"
  }
},
{
  "model": "service_development.voicefragment",
  "pk": 33,
  "fields": {
    "parent": 13,
    "language": 1,
    "audio": "3_nl.wav"
  }
},
{
  "model": "service_development.voicefragment",
  "pk": 34,
  "fields": {
    "parent": 13,
    "language": 2,
    "audio": "3_en.wav"
  }
},
{
  "model": "service_development.voicefragment",
  "pk": 35,
  "fields": {
    "parent": 13,
    "language": 3,
    "audio": "3_fr.wav"
  }
},
{
  "model": "service_development.voicefragment",
  "pk": 36,
  "fields": {
    "parent": 12,
    "language": 1,
    "audio": "2_nl.wav"
  }
},
{
  "model": "service_development.voicefragment",
  "pk": 37,
  "fields": {
    "parent": 12,
    "language": 2,
    "audio": "2_en.wav"
  }
},
{
  "model": "service_development.voicefragment",
  "pk": 38,
  "fields": {
    "parent": 12,
    "language": 3,
    "audio": "2_fr.wav"
  }
},
{
  "model": "service_development.voicefragment",
  "pk": 39,
  "fields": {
    "parent": 11,
    "language": 1,
    "audio": "1_nl.wav"
  }
},
{
  "model": "service_development.voicefragment",
  "pk": 40,
  "fields": {
    "parent": 11,
    "language": 2,
    "audio": "1_en.wav"
  }
},
{
  "model": "service_development.voicefragment",
  "pk": 41,
  "fields": {
    "parent": 11,
    "language": 3,
    "audio": "1_fr.wav"
  }
},
{
  "model": "service_development.voicefragment",
  "pk": 42,
  "fields": {
    "parent": 10,
    "language": 1,
    "audio": "post_choice_option_nl.wav"
  }
},
{
  "model": "service_development.voicefragment",
  "pk": 43,
  "fields": {
    "parent": 10,
    "language": 2,
    "audio": "post_choice_option_en.wav"
  }
},
{
  "model": "service_development.voicefragment",
  "pk": 44,
  "fields": {
    "parent": 10,
    "language": 3,
    "audio": "post_choice_option_fr.wav"
  }
},
{
  "model": "service_development.voicefragment",
  "pk": 45,
  "fields": {
    "parent": 9,
    "language": 1,
    "audio": "pre_choice_option_nl.wav"
  }
},
{
  "model": "service_development.voicefragment",
  "pk": 46,
  "fields": {
    "parent": 9,
    "language": 2,
    "audio": "pre_choice_option_en.wav"
  }
},
{
  "model": "service_development.voicefragment",
  "pk": 47,
  "fields": {
    "parent": 9,
    "language": 3,
    "audio": "pre_choice_option_fr.wav"
  }
},
{
  "model": "service_development.voicefragment",
  "pk": 48,
  "fields": {
    "parent": 8,
    "language": 1,
    "audio": "select_language_nl.wav"
  }
},
{
  "model": "service_development.voicefragment",
  "pk": 49,
  "fields": {
    "parent": 8,
    "language": 2,
    "audio": "select_language_en.wav"
  }
},
{
  "model": "service_development.voicefragment",
  "pk": 50,
  "fields": {
    "parent": 8,
    "language": 3,
    "audio": "select_language_fr.wav"
  }
},
{
  "model": "service_development.voicefragment",
  "pk": 51,
  "fields": {
    "parent": 7,
    "language": 1,
    "audio": "french_nl.wav"
  }
},
{
  "model": "service_development.voicefragment",
  "pk": 52,
  "fields": {
    "parent": 7,
    "language": 2,
    "audio": "french_en.wav"
  }
},
{
  "model": "service_development.voicefragment",
  "pk": 53,
  "fields": {
    "parent": 7,
    "language": 3,
    "audio": "french_fr.wav"
  }
},
{
  "model": "service_development.voicefragment",
  "pk": 54,
  "fields": {
    "parent": 6,
    "language": 3,
    "audio": "boring_guy_fr.wav"
  }
},
{
  "model": "service_development.voicefragment",
  "pk": 55,
  "fields": {
    "parent": 5,
    "language": 1,
    "audio": "thank_you_for_using_nl.wav"
  }
},
{
  "model": "service_development.voicefragment",
  "pk": 56,
  "fields": {
    "parent": 5,
    "language": 2,
    "audio": "thank_you_for_using_en.wav"
  }
},
{
  "model": "service_development.voicefragment",
  "pk": 57,
  "fields": {
    "parent": 5,
    "language": 3,
    "audio": "thank_you_for_using_fr.wav"
  }
},
{
  "model": "service_development.voicefragment",
  "pk": 58,
  "fields": {
    "parent": 4,
    "language": 1,
    "audio": "english_nl.wav"
  }
},
{
  "model": "service_development.voicefragment",
  "pk": 59,
  "fields": {
    "parent": 4,
    "language": 2,
    "audio": "english_en.wav"
  }
},
{
  "model": "service_development.voicefragment",
  "pk": 60,
  "fields": {
    "parent": 4,
    "language": 3,
    "audio": "english_fr.wav"
  }
},
{
  "model": "service_development.voicefragment",
  "pk": 61,
  "fields": {
    "parent": 3,
    "language": 1,
    "audio": "truth_nl.wav"
  }
},
{
  "model": "service_development.voicefragment",
  "pk": 62,
  "fields": {
    "parent": 3,
    "language": 2,
    "audio": "truth_en.wav"
  }
},
{
  "model": "service_development.voicefragment",
  "pk": 63,
  "fields": {
    "parent": 3,
    "language": 3,
    "audio": "truth_fr.wav"
  }
},
{
  "model": "service_development.voicefragment",
  "pk": 64,
  "fields": {
    "parent": 2,
    "language": 1,
    "audio": "error_nl.wav"
  }
},
{
  "model": "service_development.voicefragment",
  "pk": 65,
  "fields": {
    "parent": 2,
    "language": 2,
    "audio": "error_en.wav"
  }
},
{
  "model": "service_development.voicefragment",
  "pk": 66,
  "fields": {
    "parent": 2,
    "language": 3,
    "audio": "error_fr.wav"
  }
},
{
  "model": "service_development.voicefragment",
  "pk": 67,
  "fields": {
    "parent": 1,
    "language": 1,
    "audio": "dutch_nl.wav"
  }
},
{
  "model": "service_development.voicefragment",
  "pk": 68,
  "fields": {
    "parent": 1,
    "language": 2,
    "audio": "dutch_en.wav"
  }
},
{
  "model": "service_development.voicefragment",
  "pk": 69,
  "fields": {
    "parent": 1,
    "language": 3,
    "audio": "dutch_fr.wav"
  }
},
{
  "model": "service_development.voicefragment",
  "pk": 70,
  "fields": {
    "parent": 23,
    "language": 1,
    "audio": "king_question_nl.wav"
  }
},
{
  "model": "service_development.voicefragment",
  "pk": 71,
  "fields": {
    "parent": 23,
    "language": 2,
    "audio": "king_question_en.wav"
  }
},
{
  "model": "service_development.voicefragment",
  "pk": 72,
  "fields": {
    "parent": 23,
    "language": 3,
    "audio": "king_question_fr.wav"
  }
},
{
  "model": "service_development.voicefragment",
  "pk": 74,
  "fields": {
    "parent": 25,
    "language": 3,
    "audio": "speakYourMessage.wav"
  }
},
{
  "model": "service_development.voicefragment",
  "pk": 75,
  "fields": {
    "parent": 28,
    "language": 2,
    "audio": "making-a-trade-offer.wav"
  }
},
{
  "model": "service_development.voicefragment",
  "pk": 76,
  "fields": {
    "parent": 27,
    "language": 2,
    "audio": "welcome.wav"
  }
},
{
  "model": "service_development.voicefragment",
  "pk": 77,
  "fields": {
    "parent": 29,
    "language": 2,
    "audio": "listening-to-existing-trade-offers.wav"
  }
},
{
  "model": "service_development.voicefragment",
  "pk": 78,
  "fields": {
    "parent": 30,
    "language": 2,
    "audio": "thank-you-good-day.wav"
  }
},
{
  "model": "service_development.voicefragment",
  "pk": 79,
  "fields": {
    "parent": 31,
    "language": 2,
    "audio": "please-select-type-of-seed.wav"
  }
},
{
  "model": "service_development.voicefragment",
  "pk": 80,
  "fields": {
    "parent": 32,
    "language": 2,
    "audio": "corn.wav"
  }
},
{
  "model": "service_development.voicefragment",
  "pk": 81,
  "fields": {
    "parent": 33,
    "language": 2,
    "audio": "rice.wav"
  }
},
{
  "model": "service_development.voicefragment",
  "pk": 82,
  "fields": {
    "parent": 34,
    "language": 2,
    "audio": "wheat.wav"
  }
},
{
  "model": "service_development.voicefragment",
  "pk": 83,
  "fields": {
    "parent": 35,
    "language": 2,
    "audio": "barley.wav"
  }
},
{
  "model": "service_development.voicefragment",
  "pk": 84,
  "fields": {
    "parent": 36,
    "language": 2,
    "audio": "sorghum.wav"
  }
},
{
  "model": "service_development.voicefragment",
  "pk": 85,
  "fields": {
    "parent": 37,
    "language": 2,
    "audio": "millet.wav"
  }
},
{
  "model": "service_development.voicefragment",
  "pk": 86,
  "fields": {
    "parent": 38,
    "language": 2,
    "audio": "new-offer-choose-seeds.wav"
  }
},
{
  "model": "service_development.voicefragment",
  "pk": 87,
  "fields": {
    "parent": 39,
    "language": 2,
    "audio": "managing-your-current-offers.wav"
  }
},
{
  "model": "service_development.voicefragment",
  "pk": 88,
  "fields": {
    "parent": 40,
    "language": 2,
    "audio": "you-have-chosen-placeholder.wav"
  }
},
{
  "model": "service_development.voicefragment",
  "pk": 89,
  "fields": {
    "parent": 41,
    "language": 2,
    "audio": "do-you-have-transport-available.wav"
  }
},
{
  "model": "service_development.voicefragment",
  "pk": 90,
  "fields": {
    "parent": 42,
    "language": 2,
    "audio": "you-have-offered-and-want-to-recieve-placholder.wav"
  }
},
{
  "model": "service_development.voicefragment",
  "pk": 91,
  "fields": {
    "parent": 43,
    "language": 2,
    "audio": "confirmation-message.wav"
  }
},
{
  "model": "service_development.voicefragment",
  "pk": 92,
  "fields": {
    "parent": 44,
    "language": 2,
    "audio": "is-this-correct.wav"
  }
},
{
  "model": "service_development.voicefragment",
  "pk": 93,
  "fields": {
    "parent": 45,
    "language": 2,
    "audio": "please-leave-a-short-message.wav"
  }
},
{
  "model": "service_development.voicefragment",
  "pk": 94,
  "fields": {
    "parent": 46,
    "language": 2,
    "audio": "sorry-i-didnt-hear-anything.wav"
  }
},
{
  "model": "service_development.voicefragment",
  "pk": 95,
  "fields": {
    "parent": 47,
    "language": 2,
    "audio": "your-message-is.wav"
  }
},
{
  "model": "service_development.voicefragment",
  "pk": 96,
  "fields": {
    "parent": 48,
    "language": 2,
    "audio": "message-now-recorded.wav"
  }
},
{
  "model": "service_development.voicefragment",
  "pk": 97,
  "fields": {
    "parent": 49,
    "language": 2,
    "audio": "done-with-system.wav"
  }
},
{
  "model": "service_development.voicefragment",
  "pk": 98,
  "fields": {
    "parent": 50,
    "language": 2,
    "audio": "success-what-next.wav"
  }
},
{
  "model": "service_development.voicefragment",
  "pk": 99,
  "fields": {
    "parent": 51,
    "language": 2,
    "audio": "please-select-type-of-seed-search.wav"
  }
},
{
  "model": "service_development.voicefragment",
  "pk": 100,
  "fields": {
    "parent": 52,
    "language": 2,
    "audio": "type-of-seed-does-not-matter.wav"
  }
},
{
  "model": "service_development.voicefragment",
  "pk": 101,
  "fields": {
    "parent": 53,
    "language": 2,
    "audio": "you-have-placeholder-available-please-select-what-seeds-you-are-looking-for.wav"
  }
},
{
  "model": "service_development.voicefragment",
  "pk": 102,
  "fields": {
    "parent": 54,
    "language": 2,
    "audio": "you-have-placeholder-available-and-are-looking-for-placeholder.wav"
  }
},
{
  "model": "service_development.voicefragment",
  "pk": 103,
  "fields": {
    "parent": 55,
    "language": 2,
    "audio": "we-have-found-placeholder-offers-that-match.wav"
  }
},
{
  "model": "service_development.voicefragment",
  "pk": 104,
  "fields": {
    "parent": 56,
    "language": 2,
    "audio": "you-currently-have-placeholder-offers-in-out-system.wav"
  }
},
{
  "model": "service_development.voiceservicesubelement",
  "pk": 2,
  "fields": {
    "service": 1,
    "creation_date": "2017-04-23T19:30:23.792Z",
    "modification_date": "2018-02-16T16:42:26.402Z",
    "name": "Does the king like to drink beer?",
    "description": "",
    "voice_label": 23
  }
},
{
  "model": "service_development.voiceservicesubelement",
  "pk": 3,
  "fields": {
    "service": 1,
    "creation_date": "2017-04-23T19:32:07.853Z",
    "modification_date": "2018-01-25T14:35:48.977Z",
    "name": "Yes",
    "description": "King <3's BEER",
    "voice_label": 21
  }
},
{
  "model": "service_development.voiceservicesubelement",
  "pk": 4,
  "fields": {
    "service": 1,
    "creation_date": "2017-04-23T19:32:07.854Z",
    "modification_date": "2018-02-16T16:42:26.405Z",
    "name": "No",
    "description": "",
    "voice_label": 22
  }
},
{
  "model": "service_development.voiceservicesubelement",
  "pk": 5,
  "fields": {
    "service": 1,
    "creation_date": "2017-04-23T19:49:50.055Z",
    "modification_date": "2018-02-16T16:42:51.484Z",
    "name": "This is the truth",
    "description": "",
    "voice_label": 3
  }
},
{
  "model": "service_development.voiceservicesubelement",
  "pk": 6,
  "fields": {
    "service": 1,
    "creation_date": "2017-04-23T21:11:06.805Z",
    "modification_date": "2017-04-23T21:33:29.853Z",
    "name": "Thank you for using this service",
    "description": "",
    "voice_label": 5
  }
},
{
  "model": "service_development.voiceservicesubelement",
  "pk": 7,
  "fields": {
    "service": 1,
    "creation_date": "2017-04-23T21:36:55.756Z",
    "modification_date": "2017-04-23T21:36:55.756Z",
    "name": "King is boring",
    "description": "",
    "voice_label": 6
  }
},
{
  "model": "service_development.voiceservicesubelement",
  "pk": 8,
  "fields": {
    "service": 2,
    "creation_date": "2019-04-30T15:16:30.771Z",
    "modification_date": "2019-05-01T12:26:15.926Z",
    "name": "Main menu",
    "description": "Starting point of system interactions",
    "voice_label": 27
  }
},
{
  "model": "service_development.voiceservicesubelement",
  "pk": 9,
  "fields": {
    "service": 2,
    "creation_date": "2019-04-30T15:16:30.774Z",
    "modification_date": "2019-04-30T16:23:30.178Z",
    "name": "Make a trade offer",
    "description": "",
    "voice_label": 28
  }
},
{
  "model": "service_development.voiceservicesubelement",
  "pk": 10,
  "fields": {
    "service": 2,
    "creation_date": "2019-04-30T15:16:30.776Z",
    "modification_date": "2019-05-01T12:26:15.930Z",
    "name": "Listen to existing offers",
    "description": "",
    "voice_label": 29
  }
},
{
  "model": "service_development.voiceservicesubelement",
  "pk": 11,
  "fields": {
    "service": 2,
    "creation_date": "2019-04-30T15:19:50.166Z",
    "modification_date": "2019-04-30T15:19:50.166Z",
    "name": "Thank you and a good day",
    "description": "Thank you for using se4d. We wish you a pleasant day",
    "voice_label": 30
  }
},
{
  "model": "service_development.voiceservicesubelement",
  "pk": 12,
  "fields": {
    "service": 2,
    "creation_date": "2019-04-30T16:19:22.973Z",
    "modification_date": "2019-04-30T16:45:03.204Z",
    "name": "Choose a seed to offer",
    "description": "",
    "voice_label": 31
  }
},
{
  "model": "service_development.voiceservicesubelement",
  "pk": 13,
  "fields": {
    "service": 2,
    "creation_date": "2019-04-30T16:19:22.977Z",
    "modification_date": "2019-04-30T16:45:03.208Z",
    "name": "Corn",
    "description": "",
    "voice_label": 32
  }
},
{
  "model": "service_development.voiceservicesubelement",
  "pk": 14,
  "fields": {
    "service": 2,
    "creation_date": "2019-04-30T16:19:22.980Z",
    "modification_date": "2019-04-30T16:45:03.211Z",
    "name": "Rice",
    "description": "",
    "voice_label": 33
  }
},
{
  "model": "service_development.voiceservicesubelement",
  "pk": 15,
  "fields": {
    "service": 2,
    "creation_date": "2019-04-30T16:19:22.982Z",
    "modification_date": "2019-04-30T16:45:03.213Z",
    "name": "Wheat",
    "description": "",
    "voice_label": 34
  }
},
{
  "model": "service_development.voiceservicesubelement",
  "pk": 16,
  "fields": {
    "service": 2,
    "creation_date": "2019-04-30T16:19:22.986Z",
    "modification_date": "2019-04-30T16:45:03.215Z",
    "name": "Barley",
    "description": "",
    "voice_label": 35
  }
},
{
  "model": "service_development.voiceservicesubelement",
  "pk": 17,
  "fields": {
    "service": 2,
    "creation_date": "2019-04-30T16:19:22.987Z",
    "modification_date": "2019-04-30T16:45:03.217Z",
    "name": "Sorghum",
    "description": "",
    "voice_label": 36
  }
},
{
  "model": "service_development.voiceservicesubelement",
  "pk": 18,
  "fields": {
    "service": 2,
    "creation_date": "2019-04-30T16:19:22.990Z",
    "modification_date": "2019-04-30T16:45:03.220Z",
    "name": "Millet",
    "description": "",
    "voice_label": 37
  }
},
{
  "model": "service_development.voiceservicesubelement",
  "pk": 19,
  "fields": {
    "service": 2,
    "creation_date": "2019-04-30T16:21:51.782Z",
    "modification_date": "2019-04-30T16:21:51.782Z",
    "name": "Make an offer; what seeds",
    "description": "",
    "voice_label": 38
  }
},
{
  "model": "service_development.voiceservicesubelement",
  "pk": 20,
  "fields": {
    "service": 2,
    "creation_date": "2019-04-30T16:23:30.181Z",
    "modification_date": "2019-04-30T16:23:30.181Z",
    "name": "Manage current offers",
    "description": "",
    "voice_label": 39
  }
},
{
  "model": "service_development.voiceservicesubelement",
  "pk": 21,
  "fields": {
    "service": 2,
    "creation_date": "2019-04-30T16:44:21.013Z",
    "modification_date": "2019-04-30T17:42:54.630Z",
    "name": "Choose a seed to request",
    "description": "",
    "voice_label": 31
  }
},
{
  "model": "service_development.voiceservicesubelement",
  "pk": 22,
  "fields": {
    "service": 2,
    "creation_date": "2019-04-30T16:44:21.017Z",
    "modification_date": "2019-04-30T17:42:54.634Z",
    "name": "Corn",
    "description": "",
    "voice_label": 32
  }
},
{
  "model": "service_development.voiceservicesubelement",
  "pk": 23,
  "fields": {
    "service": 2,
    "creation_date": "2019-04-30T16:44:21.019Z",
    "modification_date": "2019-04-30T17:42:54.636Z",
    "name": "Rice",
    "description": "",
    "voice_label": 33
  }
},
{
  "model": "service_development.voiceservicesubelement",
  "pk": 24,
  "fields": {
    "service": 2,
    "creation_date": "2019-04-30T16:44:21.021Z",
    "modification_date": "2019-04-30T17:42:54.639Z",
    "name": "Wheat",
    "description": "",
    "voice_label": 34
  }
},
{
  "model": "service_development.voiceservicesubelement",
  "pk": 25,
  "fields": {
    "service": 2,
    "creation_date": "2019-04-30T16:44:21.023Z",
    "modification_date": "2019-04-30T17:42:54.642Z",
    "name": "Barley",
    "description": "",
    "voice_label": 35
  }
},
{
  "model": "service_development.voiceservicesubelement",
  "pk": 26,
  "fields": {
    "service": 2,
    "creation_date": "2019-04-30T16:44:21.026Z",
    "modification_date": "2019-04-30T17:42:54.645Z",
    "name": "Sorghum",
    "description": "",
    "voice_label": 36
  }
},
{
  "model": "service_development.voiceservicesubelement",
  "pk": 27,
  "fields": {
    "service": 2,
    "creation_date": "2019-04-30T16:44:21.028Z",
    "modification_date": "2019-04-30T17:42:54.648Z",
    "name": "Millet",
    "description": "",
    "voice_label": 37
  }
},
{
  "model": "service_development.voiceservicesubelement",
  "pk": 28,
  "fields": {
    "service": 2,
    "creation_date": "2019-04-30T16:44:28.825Z",
    "modification_date": "2019-04-30T16:44:37.588Z",
    "name": "Make a request; what seeds",
    "description": "",
    "voice_label": 40
  }
},
{
  "model": "service_development.voiceservicesubelement",
  "pk": 29,
  "fields": {
    "service": 2,
    "creation_date": "2019-04-30T17:39:04.841Z",
    "modification_date": "2019-04-30T17:57:15.634Z",
    "name": "Choose transport",
    "description": "",
    "voice_label": 41
  }
},
{
  "model": "service_development.voiceservicesubelement",
  "pk": 30,
  "fields": {
    "service": 2,
    "creation_date": "2019-04-30T17:39:04.846Z",
    "modification_date": "2019-04-30T17:57:15.639Z",
    "name": "Yes",
    "description": "",
    "voice_label": 21
  }
},
{
  "model": "service_development.voiceservicesubelement",
  "pk": 31,
  "fields": {
    "service": 2,
    "creation_date": "2019-04-30T17:39:04.851Z",
    "modification_date": "2019-04-30T17:57:15.643Z",
    "name": "No",
    "description": "",
    "voice_label": 22
  }
},
{
  "model": "service_development.voiceservicesubelement",
  "pk": 32,
  "fields": {
    "service": 2,
    "creation_date": "2019-04-30T17:42:07.974Z",
    "modification_date": "2019-05-01T12:28:54.528Z",
    "name": "You offered and requested (placeholder)",
    "description": "",
    "voice_label": 42
  }
},
{
  "model": "service_development.voiceservicesubelement",
  "pk": 33,
  "fields": {
    "service": 2,
    "creation_date": "2019-04-30T17:55:17.449Z",
    "modification_date": "2019-04-30T17:56:58.398Z",
    "name": "Confirmation playback",
    "description": "",
    "voice_label": 43
  }
},
{
  "model": "service_development.voiceservicesubelement",
  "pk": 34,
  "fields": {
    "service": 2,
    "creation_date": "2019-04-30T17:56:47.493Z",
    "modification_date": "2019-04-30T18:04:32.795Z",
    "name": "Confirm offer choice",
    "description": "",
    "voice_label": 44
  }
},
{
  "model": "service_development.voiceservicesubelement",
  "pk": 35,
  "fields": {
    "service": 2,
    "creation_date": "2019-04-30T17:56:47.498Z",
    "modification_date": "2019-04-30T18:04:32.801Z",
    "name": "Yes",
    "description": "",
    "voice_label": 21
  }
},
{
  "model": "service_development.voiceservicesubelement",
  "pk": 36,
  "fields": {
    "service": 2,
    "creation_date": "2019-04-30T17:56:47.501Z",
    "modification_date": "2019-04-30T17:59:30.098Z",
    "name": "No",
    "description": "",
    "voice_label": 22
  }
},
{
  "model": "service_development.voiceservicesubelement",
  "pk": 37,
  "fields": {
    "service": 2,
    "creation_date": "2019-04-30T18:03:39.899Z",
    "modification_date": "2019-04-30T18:09:30.802Z",
    "name": "Leave a Message",
    "description": "",
    "voice_label": 45
  }
},
{
  "model": "service_development.voiceservicesubelement",
  "pk": 38,
  "fields": {
    "service": 2,
    "creation_date": "2019-04-30T18:12:45.060Z",
    "modification_date": "2019-04-30T18:28:15.221Z",
    "name": "Exit",
    "description": "",
    "voice_label": 49
  }
},
{
  "model": "service_development.voiceservicesubelement",
  "pk": 39,
  "fields": {
    "service": 2,
    "creation_date": "2019-04-30T18:31:23.372Z",
    "modification_date": "2019-04-30T18:31:54.154Z",
    "name": "Offer finished; what next",
    "description": "",
    "voice_label": 50
  }
},
{
  "model": "service_development.voiceservicesubelement",
  "pk": 40,
  "fields": {
    "service": 2,
    "creation_date": "2019-04-30T18:31:23.377Z",
    "modification_date": "2019-04-30T18:31:23.377Z",
    "name": "Another Offer",
    "description": "",
    "voice_label": 28
  }
},
{
  "model": "service_development.voiceservicesubelement",
  "pk": 41,
  "fields": {
    "service": 2,
    "creation_date": "2019-04-30T18:31:23.380Z",
    "modification_date": "2019-04-30T18:31:51.356Z",
    "name": "Listen to existing offers",
    "description": "",
    "voice_label": 29
  }
},
{
  "model": "service_development.voiceservicesubelement",
  "pk": 42,
  "fields": {
    "service": 2,
    "creation_date": "2019-04-30T18:31:23.382Z",
    "modification_date": "2019-04-30T18:31:51.359Z",
    "name": "Manage current offers",
    "description": "",
    "voice_label": 39
  }
},
{
  "model": "service_development.voiceservicesubelement",
  "pk": 43,
  "fields": {
    "service": 2,
    "creation_date": "2019-04-30T18:31:23.384Z",
    "modification_date": "2019-04-30T18:31:51.362Z",
    "name": "Exit",
    "description": "",
    "voice_label": 49
  }
},
{
  "model": "service_development.voiceservicesubelement",
  "pk": 44,
  "fields": {
    "service": 2,
    "creation_date": "2019-05-01T12:25:06.484Z",
    "modification_date": "2019-05-01T12:31:57.831Z",
    "name": "You have; please choose search (placeholder)",
    "description": "",
    "voice_label": 53
  }
},
{
  "model": "service_development.voiceservicesubelement",
  "pk": 45,
  "fields": {
    "service": 2,
    "creation_date": "2019-05-01T12:25:09.850Z",
    "modification_date": "2019-05-01T12:25:48.790Z",
    "name": "Select a type of seeds you have available",
    "description": "",
    "voice_label": 51
  }
},
{
  "model": "service_development.voiceservicesubelement",
  "pk": 46,
  "fields": {
    "service": 2,
    "creation_date": "2019-05-01T12:25:09.855Z",
    "modification_date": "2019-05-01T12:25:48.793Z",
    "name": "Corn",
    "description": "",
    "voice_label": 32
  }
},
{
  "model": "service_development.voiceservicesubelement",
  "pk": 47,
  "fields": {
    "service": 2,
    "creation_date": "2019-05-01T12:25:09.858Z",
    "modification_date": "2019-05-01T12:25:48.795Z",
    "name": "Rice",
    "description": "",
    "voice_label": 33
  }
},
{
  "model": "service_development.voiceservicesubelement",
  "pk": 48,
  "fields": {
    "service": 2,
    "creation_date": "2019-05-01T12:25:09.860Z",
    "modification_date": "2019-05-01T12:25:48.796Z",
    "name": "Wheat",
    "description": "",
    "voice_label": 34
  }
},
{
  "model": "service_development.voiceservicesubelement",
  "pk": 49,
  "fields": {
    "service": 2,
    "creation_date": "2019-05-01T12:25:09.864Z",
    "modification_date": "2019-05-01T12:25:48.798Z",
    "name": "Barley",
    "description": "",
    "voice_label": 35
  }
},
{
  "model": "service_development.voiceservicesubelement",
  "pk": 50,
  "fields": {
    "service": 2,
    "creation_date": "2019-05-01T12:25:09.866Z",
    "modification_date": "2019-05-01T12:25:48.800Z",
    "name": "Sorghum",
    "description": "",
    "voice_label": 36
  }
},
{
  "model": "service_development.voiceservicesubelement",
  "pk": 51,
  "fields": {
    "service": 2,
    "creation_date": "2019-05-01T12:25:09.868Z",
    "modification_date": "2019-05-01T12:25:48.802Z",
    "name": "Millet",
    "description": "",
    "voice_label": 37
  }
},
{
  "model": "service_development.voiceservicesubelement",
  "pk": 52,
  "fields": {
    "service": 2,
    "creation_date": "2019-05-01T12:25:09.870Z",
    "modification_date": "2019-05-01T12:25:48.805Z",
    "name": "Any",
    "description": "",
    "voice_label": 52
  }
},
{
  "model": "service_development.voiceservicesubelement",
  "pk": 53,
  "fields": {
    "service": 2,
    "creation_date": "2019-05-01T12:31:22.355Z",
    "modification_date": "2019-05-01T12:39:42.417Z",
    "name": "You have; Looking For (placeholder)",
    "description": "",
    "voice_label": 54
  }
},
{
  "model": "service_development.voiceservicesubelement",
  "pk": 54,
  "fields": {
    "service": 2,
    "creation_date": "2019-05-01T12:31:25.697Z",
    "modification_date": "2019-05-01T12:31:45.049Z",
    "name": "Select what type of seeds you are looking for",
    "description": "",
    "voice_label": 31
  }
},
{
  "model": "service_development.voiceservicesubelement",
  "pk": 55,
  "fields": {
    "service": 2,
    "creation_date": "2019-05-01T12:31:25.702Z",
    "modification_date": "2019-05-01T12:31:45.054Z",
    "name": "Corn",
    "description": "",
    "voice_label": 32
  }
},
{
  "model": "service_development.voiceservicesubelement",
  "pk": 56,
  "fields": {
    "service": 2,
    "creation_date": "2019-05-01T12:31:25.705Z",
    "modification_date": "2019-05-01T12:31:45.056Z",
    "name": "Rice",
    "description": "",
    "voice_label": 33
  }
},
{
  "model": "service_development.voiceservicesubelement",
  "pk": 57,
  "fields": {
    "service": 2,
    "creation_date": "2019-05-01T12:31:25.707Z",
    "modification_date": "2019-05-01T12:31:45.058Z",
    "name": "Wheat",
    "description": "",
    "voice_label": 34
  }
},
{
  "model": "service_development.voiceservicesubelement",
  "pk": 58,
  "fields": {
    "service": 2,
    "creation_date": "2019-05-01T12:31:25.709Z",
    "modification_date": "2019-05-01T12:31:45.061Z",
    "name": "Barley",
    "description": "",
    "voice_label": 35
  }
},
{
  "model": "service_development.voiceservicesubelement",
  "pk": 59,
  "fields": {
    "service": 2,
    "creation_date": "2019-05-01T12:31:25.712Z",
    "modification_date": "2019-05-01T12:31:45.064Z",
    "name": "Sorghum",
    "description": "",
    "voice_label": 36
  }
},
{
  "model": "service_development.voiceservicesubelement",
  "pk": 60,
  "fields": {
    "service": 2,
    "creation_date": "2019-05-01T12:31:25.713Z",
    "modification_date": "2019-05-01T12:31:45.066Z",
    "name": "Millet",
    "description": "",
    "voice_label": 37
  }
},
{
  "model": "service_development.voiceservicesubelement",
  "pk": 61,
  "fields": {
    "service": 2,
    "creation_date": "2019-05-01T12:31:25.715Z",
    "modification_date": "2019-05-01T12:31:45.068Z",
    "name": "Any",
    "description": "",
    "voice_label": 52
  }
},
{
  "model": "service_development.voiceservicesubelement",
  "pk": 62,
  "fields": {
    "service": 2,
    "creation_date": "2019-05-01T12:38:06.723Z",
    "modification_date": "2019-05-01T12:50:14.369Z",
    "name": "We have found offers (placeholder)",
    "description": "",
    "voice_label": 55
  }
},
{
  "model": "service_development.voiceservicesubelement",
  "pk": 63,
  "fields": {
    "service": 2,
    "creation_date": "2019-05-01T12:39:26.974Z",
    "modification_date": "2019-05-01T12:39:26.975Z",
    "name": "Do you have transport",
    "description": "",
    "voice_label": 41
  }
},
{
  "model": "service_development.voiceservicesubelement",
  "pk": 64,
  "fields": {
    "service": 2,
    "creation_date": "2019-05-01T12:39:26.980Z",
    "modification_date": "2019-05-01T12:39:26.980Z",
    "name": "Yes",
    "description": "",
    "voice_label": 21
  }
},
{
  "model": "service_development.voiceservicesubelement",
  "pk": 65,
  "fields": {
    "service": 2,
    "creation_date": "2019-05-01T12:39:26.984Z",
    "modification_date": "2019-05-01T12:39:26.984Z",
    "name": "No",
    "description": "",
    "voice_label": 22
  }
},
{
  "model": "service_development.voiceservicesubelement",
  "pk": 66,
  "fields": {
    "service": 2,
    "creation_date": "2019-05-01T12:49:38.035Z",
    "modification_date": "2019-05-01T12:49:53.253Z",
    "name": "You currently have offers (placeholder)",
    "description": "",
    "voice_label": 56
  }
},
{
  "model": "service_development.voiceserviceelement",
  "pk": 2,
  "fields": {}
},
{
  "model": "service_development.voiceserviceelement",
  "pk": 5,
  "fields": {}
},
{
  "model": "service_development.voiceserviceelement",
  "pk": 6,
  "fields": {}
},
{
  "model": "service_development.voiceserviceelement",
  "pk": 7,
  "fields": {}
},
{
  "model": "service_development.voiceserviceelement",
  "pk": 8,
  "fields": {}
},
{
  "model": "service_development.voiceserviceelement",
  "pk": 11,
  "fields": {}
},
{
  "model": "service_development.voiceserviceelement",
  "pk": 12,
  "fields": {}
},
{
  "model": "service_development.voiceserviceelement",
  "pk": 19,
  "fields": {}
},
{
  "model": "service_development.voiceserviceelement",
  "pk": 21,
  "fields": {}
},
{
  "model": "service_development.voiceserviceelement",
  "pk": 28,
  "fields": {}
},
{
  "model": "service_development.voiceserviceelement",
  "pk": 29,
  "fields": {}
},
{
  "model": "service_development.voiceserviceelement",
  "pk": 32,
  "fields": {}
},
{
  "model": "service_development.voiceserviceelement",
  "pk": 33,
  "fields": {}
},
{
  "model": "service_development.voiceserviceelement",
  "pk": 34,
  "fields": {}
},
{
  "model": "service_development.voiceserviceelement",
  "pk": 37,
  "fields": {}
},
{
  "model": "service_development.voiceserviceelement",
  "pk": 39,
  "fields": {}
},
{
  "model": "service_development.voiceserviceelement",
  "pk": 44,
  "fields": {}
},
{
  "model": "service_development.voiceserviceelement",
  "pk": 45,
  "fields": {}
},
{
  "model": "service_development.voiceserviceelement",
  "pk": 53,
  "fields": {}
},
{
  "model": "service_development.voiceserviceelement",
  "pk": 54,
  "fields": {}
},
{
  "model": "service_development.voiceserviceelement",
  "pk": 62,
  "fields": {}
},
{
  "model": "service_development.voiceserviceelement",
  "pk": 63,
  "fields": {}
},
{
  "model": "service_development.voiceserviceelement",
  "pk": 66,
  "fields": {}
},
{
  "model": "service_development.voiceservice",
  "pk": 1,
  "fields": {
    "name": "King's truth checker",
    "description": "Checks the user's knowledge about the king of the Netherlands",
    "creation_date": "2017-04-23T19:23:52.392Z",
    "modification_date": "2018-02-16T09:58:43.936Z",
    "active": false,
    "_start_element": 2,
    "registration": "preferred",
    "registration_language": true,
    "registration_name": false,
    "supported_languages": [
      1,
      2,
      3
    ]
  }
},
{
  "model": "service_development.voiceservice",
  "pk": 2,
  "fields": {
    "name": "se4d",
    "description": "Seeds Exchange for Development",
    "creation_date": "2019-04-30T14:00:35.274Z",
    "modification_date": "2019-04-30T15:20:16.651Z",
    "active": true,
    "_start_element": 8,
    "registration": "preferred",
    "registration_language": true,
    "registration_name": false,
    "supported_languages": [
      2
    ]
  }
},
{
  "model": "service_development.kasadakauser",
  "pk": 1,
  "fields": {
    "caller_id": "456",
    "first_name": "Henk",
    "last_name": "Ernia",
    "creation_date": "2018-02-02T11:10:27.670Z",
    "modification_date": "2018-02-12T14:44:24.019Z",
    "language": 1,
    "service": 1
  }
},
{
  "model": "service_development.kasadakauser",
  "pk": 2,
  "fields": {
    "caller_id": "0629582906",
    "first_name": "",
    "last_name": "",
    "creation_date": "2019-05-08T08:28:09.621Z",
    "modification_date": "2019-05-08T08:28:09.621Z",
    "language": 2,
    "service": 2
  }
},
{
  "model": "service_development.callsession",
  "pk": 1,
  "fields": {
    "start": "2019-04-30T15:02:21.264Z",
    "end": null,
    "user": null,
    "caller_id": null,
    "service": 1,
    "_language": null
  }
},
{
  "model": "service_development.callsession",
  "pk": 2,
  "fields": {
    "start": "2019-04-30T15:02:56.566Z",
    "end": "2019-04-30T15:03:16.126Z",
    "user": null,
    "caller_id": null,
    "service": 1,
    "_language": 2
  }
},
{
  "model": "service_development.callsession",
  "pk": 3,
  "fields": {
    "start": "2019-04-30T15:16:45.219Z",
    "end": null,
    "user": null,
    "caller_id": null,
    "service": 2,
    "_language": 2
  }
},
{
  "model": "service_development.callsession",
  "pk": 4,
  "fields": {
    "start": "2019-04-30T15:16:47.287Z",
    "end": null,
    "user": null,
    "caller_id": null,
    "service": 2,
    "_language": 2
  }
},
{
  "model": "service_development.callsession",
  "pk": 5,
  "fields": {
    "start": "2019-04-30T15:20:19.306Z",
    "end": "2019-04-30T15:20:19.428Z",
    "user": null,
    "caller_id": null,
    "service": 2,
    "_language": 2
  }
},
{
  "model": "service_development.callsession",
  "pk": 6,
  "fields": {
    "start": "2019-04-30T15:20:28.936Z",
    "end": "2019-04-30T15:20:29.094Z",
    "user": null,
    "caller_id": null,
    "service": 2,
    "_language": 2
  }
},
{
  "model": "service_development.callsession",
  "pk": 7,
  "fields": {
    "start": "2019-04-30T16:24:18.619Z",
    "end": "2019-04-30T16:24:35.057Z",
    "user": null,
    "caller_id": null,
    "service": 2,
    "_language": 2
  }
},
{
  "model": "service_development.callsession",
  "pk": 8,
  "fields": {
    "start": "2019-04-30T16:25:06.243Z",
    "end": "2019-04-30T16:25:08.851Z",
    "user": null,
    "caller_id": null,
    "service": 2,
    "_language": 2
  }
},
{
  "model": "service_development.callsession",
  "pk": 9,
  "fields": {
    "start": "2019-04-30T16:32:01.484Z",
    "end": "2019-04-30T16:32:09.252Z",
    "user": null,
    "caller_id": null,
    "service": 2,
    "_language": 2
  }
},
{
  "model": "service_development.callsession",
  "pk": 10,
  "fields": {
    "start": "2019-04-30T16:45:12.650Z",
    "end": "2019-04-30T16:45:34.793Z",
    "user": null,
    "caller_id": null,
    "service": 2,
    "_language": 2
  }
},
{
  "model": "service_development.callsession",
  "pk": 11,
  "fields": {
    "start": "2019-04-30T17:42:59.872Z",
    "end": "2019-04-30T17:43:47.184Z",
    "user": null,
    "caller_id": null,
    "service": 2,
    "_language": 2
  }
},
{
  "model": "service_development.callsession",
  "pk": 12,
  "fields": {
    "start": "2019-04-30T17:57:25.088Z",
    "end": "2019-04-30T17:57:59.985Z",
    "user": null,
    "caller_id": null,
    "service": 2,
    "_language": 2
  }
},
{
  "model": "service_development.callsession",
  "pk": 13,
  "fields": {
    "start": "2019-04-30T17:58:47.703Z",
    "end": "2019-04-30T17:59:05.273Z",
    "user": null,
    "caller_id": null,
    "service": 2,
    "_language": 2
  }
},
{
  "model": "service_development.callsession",
  "pk": 14,
  "fields": {
    "start": "2019-04-30T18:04:37.735Z",
    "end": "2019-04-30T18:04:41.966Z",
    "user": null,
    "caller_id": null,
    "service": 2,
    "_language": 2
  }
},
{
  "model": "service_development.callsession",
  "pk": 15,
  "fields": {
    "start": "2019-04-30T18:04:59.796Z",
    "end": "2019-04-30T18:05:44.931Z",
    "user": null,
    "caller_id": null,
    "service": 2,
    "_language": 2
  }
},
{
  "model": "service_development.callsession",
  "pk": 16,
  "fields": {
    "start": "2019-04-30T18:06:20.762Z",
    "end": "2019-05-01T12:12:48.956Z",
    "user": null,
    "caller_id": null,
    "service": 2,
    "_language": 2
  }
},
{
  "model": "service_development.callsession",
  "pk": 17,
  "fields": {
    "start": "2019-04-30T18:09:42.902Z",
    "end": "2019-04-30T18:09:43.042Z",
    "user": null,
    "caller_id": null,
    "service": 2,
    "_language": 2
  }
},
{
  "model": "service_development.callsession",
  "pk": 18,
  "fields": {
    "start": "2019-04-30T18:09:51.291Z",
    "end": "2019-04-30T18:09:51.454Z",
    "user": null,
    "caller_id": null,
    "service": 2,
    "_language": 2
  }
},
{
  "model": "service_development.callsession",
  "pk": 19,
  "fields": {
    "start": "2019-04-30T18:10:14.531Z",
    "end": "2019-04-30T18:10:39.784Z",
    "user": null,
    "caller_id": null,
    "service": 2,
    "_language": 2
  }
},
{
  "model": "service_development.callsession",
  "pk": 20,
  "fields": {
    "start": "2019-05-01T12:25:56.344Z",
    "end": "2019-05-01T12:26:02.520Z",
    "user": null,
    "caller_id": null,
    "service": 2,
    "_language": 2
  }
},
{
  "model": "service_development.callsession",
  "pk": 21,
  "fields": {
    "start": "2019-05-01T12:26:20.058Z",
    "end": "2019-05-01T12:26:28.191Z",
    "user": null,
    "caller_id": null,
    "service": 2,
    "_language": 2
  }
},
{
  "model": "service_development.callsession",
  "pk": 22,
  "fields": {
    "start": "2019-05-01T12:32:00.733Z",
    "end": "2019-05-01T12:32:15.287Z",
    "user": null,
    "caller_id": null,
    "service": 2,
    "_language": 2
  }
},
{
  "model": "service_development.callsession",
  "pk": 23,
  "fields": {
    "start": "2019-05-01T12:33:46.871Z",
    "end": "2019-05-01T12:33:49.482Z",
    "user": null,
    "caller_id": null,
    "service": 2,
    "_language": 2
  }
},
{
  "model": "service_development.callsession",
  "pk": 24,
  "fields": {
    "start": "2019-05-01T12:33:53.969Z",
    "end": "2019-05-01T12:34:13.613Z",
    "user": null,
    "caller_id": null,
    "service": 2,
    "_language": 2
  }
},
{
  "model": "service_development.callsession",
  "pk": 25,
  "fields": {
    "start": "2019-05-01T12:39:53.074Z",
    "end": "2019-05-01T12:40:11.687Z",
    "user": null,
    "caller_id": null,
    "service": 2,
    "_language": 2
  }
},
{
  "model": "service_development.callsession",
  "pk": 26,
  "fields": {
    "start": "2019-05-01T12:53:42.484Z",
    "end": "2019-05-01T12:53:46.436Z",
    "user": null,
    "caller_id": null,
    "service": 2,
    "_language": 2
  }
},
{
  "model": "service_development.callsession",
  "pk": 27,
  "fields": {
    "start": "2019-05-01T12:55:25.784Z",
    "end": "2019-05-01T12:55:25.916Z",
    "user": null,
    "caller_id": null,
    "service": 2,
    "_language": 2
  }
},
{
  "model": "service_development.callsession",
  "pk": 28,
  "fields": {
    "start": "2019-05-01T12:55:48.711Z",
    "end": "2019-05-01T12:55:48.809Z",
    "user": null,
    "caller_id": null,
    "service": 2,
    "_language": 2
  }
},
{
  "model": "service_development.callsession",
  "pk": 29,
  "fields": {
    "start": "2019-05-06T09:43:28.713Z",
    "end": "2019-05-06T09:43:46.999Z",
    "user": null,
    "caller_id": null,
    "service": 2,
    "_language": 2
  }
},
{
  "model": "service_development.callsession",
  "pk": 30,
  "fields": {
    "start": "2019-05-06T09:46:45.550Z",
    "end": "2019-05-06T09:46:45.682Z",
    "user": null,
    "caller_id": null,
    "service": 2,
    "_language": 2
  }
},
{
  "model": "service_development.callsession",
  "pk": 31,
  "fields": {
    "start": "2019-05-08T08:28:09.463Z",
    "end": "2019-05-08T08:28:25.399Z",
    "user": 2,
    "caller_id": "0629582906",
    "service": 2,
    "_language": 2
  }
},
{
  "model": "service_development.callsession",
  "pk": 32,
  "fields": {
    "start": "2019-05-08T08:28:33.846Z",
    "end": "2019-05-08T08:28:33.999Z",
    "user": null,
    "caller_id": null,
    "service": 2,
    "_language": 2
  }
},
{
  "model": "service_development.callsession",
  "pk": 33,
  "fields": {
    "start": "2019-05-08T20:33:25.503Z",
    "end": "2019-05-08T20:34:36.541Z",
    "user": null,
    "caller_id": null,
    "service": 2,
    "_language": 2
  }
},
{
  "model": "service_development.callsession",
  "pk": 34,
  "fields": {
    "start": "2019-05-09T02:25:02.862Z",
    "end": "2019-05-09T02:25:02.968Z",
    "user": null,
    "caller_id": null,
    "service": 2,
    "_language": 2
  }
},
{
  "model": "service_development.callsession",
  "pk": 35,
  "fields": {
    "start": "2019-05-09T13:45:05.921Z",
    "end": "2019-05-09T13:45:06.073Z",
    "user": null,
    "caller_id": null,
    "service": 2,
    "_language": 2
  }
},
{
  "model": "service_development.callsession",
  "pk": 36,
  "fields": {
    "start": "2019-05-09T13:45:08.005Z",
    "end": "2019-05-09T13:45:08.124Z",
    "user": null,
    "caller_id": null,
    "service": 2,
    "_language": 2
  }
},
{
  "model": "service_development.callsession",
  "pk": 37,
  "fields": {
    "start": "2019-05-09T13:47:30.296Z",
    "end": "2019-05-09T13:47:54.609Z",
    "user": 2,
    "caller_id": "0629582906",
    "service": 2,
    "_language": 2
  }
},
{
  "model": "service_development.callsession",
  "pk": 38,
  "fields": {
    "start": "2019-05-09T13:48:40.842Z",
    "end": "2019-05-09T13:48:40.908Z",
    "user": 2,
    "caller_id": "0629582906",
    "service": 2,
    "_language": 2
  }
},
{
  "model": "service_development.callsession",
  "pk": 39,
  "fields": {
    "start": "2019-05-09T13:50:36.289Z",
    "end": "2019-05-09T13:50:36.426Z",
    "user": null,
    "caller_id": null,
    "service": 2,
    "_language": 2
  }
},
{
  "model": "service_development.callsessionstep",
  "pk": 1,
  "fields": {
    "time": "2019-04-30T15:03:07.122Z",
    "session": 2,
    "_visited_element": null,
    "description": "Language selected, English"
  }
},
{
  "model": "service_development.callsessionstep",
  "pk": 2,
  "fields": {
    "time": "2019-04-30T15:03:07.339Z",
    "session": 2,
    "_visited_element": 2,
    "description": null
  }
},
{
  "model": "service_development.callsessionstep",
  "pk": 3,
  "fields": {
    "time": "2019-04-30T15:03:15.990Z",
    "session": 2,
    "_visited_element": 7,
    "description": null
  }
},
{
  "model": "service_development.callsessionstep",
  "pk": 4,
  "fields": {
    "time": "2019-04-30T15:03:16.150Z",
    "session": 2,
    "_visited_element": 6,
    "description": null
  }
},
{
  "model": "service_development.callsessionstep",
  "pk": 5,
  "fields": {
    "time": "2019-04-30T15:20:19.441Z",
    "session": 5,
    "_visited_element": 8,
    "description": null
  }
},
{
  "model": "service_development.callsessionstep",
  "pk": 6,
  "fields": {
    "time": "2019-04-30T15:20:29.131Z",
    "session": 6,
    "_visited_element": 8,
    "description": null
  }
},
{
  "model": "service_development.callsessionstep",
  "pk": 7,
  "fields": {
    "time": "2019-04-30T16:24:18.775Z",
    "session": 7,
    "_visited_element": 8,
    "description": null
  }
},
{
  "model": "service_development.callsessionstep",
  "pk": 8,
  "fields": {
    "time": "2019-04-30T16:24:35.077Z",
    "session": 7,
    "_visited_element": 12,
    "description": null
  }
},
{
  "model": "service_development.callsessionstep",
  "pk": 9,
  "fields": {
    "time": "2019-04-30T16:25:06.521Z",
    "session": 8,
    "_visited_element": 8,
    "description": null
  }
},
{
  "model": "service_development.callsessionstep",
  "pk": 10,
  "fields": {
    "time": "2019-04-30T16:25:08.887Z",
    "session": 8,
    "_visited_element": 12,
    "description": null
  }
},
{
  "model": "service_development.callsessionstep",
  "pk": 11,
  "fields": {
    "time": "2019-04-30T16:32:01.637Z",
    "session": 9,
    "_visited_element": 8,
    "description": null
  }
},
{
  "model": "service_development.callsessionstep",
  "pk": 12,
  "fields": {
    "time": "2019-04-30T16:32:09.275Z",
    "session": 9,
    "_visited_element": 12,
    "description": null
  }
},
{
  "model": "service_development.callsessionstep",
  "pk": 13,
  "fields": {
    "time": "2019-04-30T16:45:12.849Z",
    "session": 10,
    "_visited_element": 8,
    "description": null
  }
},
{
  "model": "service_development.callsessionstep",
  "pk": 14,
  "fields": {
    "time": "2019-04-30T16:45:14.933Z",
    "session": 10,
    "_visited_element": 12,
    "description": null
  }
},
{
  "model": "service_development.callsessionstep",
  "pk": 15,
  "fields": {
    "time": "2019-04-30T16:45:20.288Z",
    "session": 10,
    "_visited_element": 28,
    "description": null
  }
},
{
  "model": "service_development.callsessionstep",
  "pk": 16,
  "fields": {
    "time": "2019-04-30T16:45:20.432Z",
    "session": 10,
    "_visited_element": 21,
    "description": null
  }
},
{
  "model": "service_development.callsessionstep",
  "pk": 17,
  "fields": {
    "time": "2019-04-30T16:45:34.815Z",
    "session": 10,
    "_visited_element": 11,
    "description": null
  }
},
{
  "model": "service_development.callsessionstep",
  "pk": 18,
  "fields": {
    "time": "2019-04-30T17:43:00.035Z",
    "session": 11,
    "_visited_element": 8,
    "description": null
  }
},
{
  "model": "service_development.callsessionstep",
  "pk": 19,
  "fields": {
    "time": "2019-04-30T17:43:02.726Z",
    "session": 11,
    "_visited_element": 12,
    "description": null
  }
},
{
  "model": "service_development.callsessionstep",
  "pk": 20,
  "fields": {
    "time": "2019-04-30T17:43:22.072Z",
    "session": 11,
    "_visited_element": 28,
    "description": null
  }
},
{
  "model": "service_development.callsessionstep",
  "pk": 21,
  "fields": {
    "time": "2019-04-30T17:43:22.235Z",
    "session": 11,
    "_visited_element": 21,
    "description": null
  }
},
{
  "model": "service_development.callsessionstep",
  "pk": 22,
  "fields": {
    "time": "2019-04-30T17:43:34.247Z",
    "session": 11,
    "_visited_element": 32,
    "description": null
  }
},
{
  "model": "service_development.callsessionstep",
  "pk": 23,
  "fields": {
    "time": "2019-04-30T17:43:34.425Z",
    "session": 11,
    "_visited_element": 29,
    "description": null
  }
},
{
  "model": "service_development.callsessionstep",
  "pk": 24,
  "fields": {
    "time": "2019-04-30T17:43:47.194Z",
    "session": 11,
    "_visited_element": 11,
    "description": null
  }
},
{
  "model": "service_development.callsessionstep",
  "pk": 25,
  "fields": {
    "time": "2019-04-30T17:57:25.252Z",
    "session": 12,
    "_visited_element": 8,
    "description": null
  }
},
{
  "model": "service_development.callsessionstep",
  "pk": 26,
  "fields": {
    "time": "2019-04-30T17:57:26.626Z",
    "session": 12,
    "_visited_element": 12,
    "description": null
  }
},
{
  "model": "service_development.callsessionstep",
  "pk": 27,
  "fields": {
    "time": "2019-04-30T17:57:30.753Z",
    "session": 12,
    "_visited_element": 28,
    "description": null
  }
},
{
  "model": "service_development.callsessionstep",
  "pk": 28,
  "fields": {
    "time": "2019-04-30T17:57:30.899Z",
    "session": 12,
    "_visited_element": 21,
    "description": null
  }
},
{
  "model": "service_development.callsessionstep",
  "pk": 29,
  "fields": {
    "time": "2019-04-30T17:57:39.799Z",
    "session": 12,
    "_visited_element": 32,
    "description": null
  }
},
{
  "model": "service_development.callsessionstep",
  "pk": 30,
  "fields": {
    "time": "2019-04-30T17:57:39.935Z",
    "session": 12,
    "_visited_element": 29,
    "description": null
  }
},
{
  "model": "service_development.callsessionstep",
  "pk": 31,
  "fields": {
    "time": "2019-04-30T17:57:47.897Z",
    "session": 12,
    "_visited_element": 33,
    "description": null
  }
},
{
  "model": "service_development.callsessionstep",
  "pk": 32,
  "fields": {
    "time": "2019-04-30T17:57:48.050Z",
    "session": 12,
    "_visited_element": 34,
    "description": null
  }
},
{
  "model": "service_development.callsessionstep",
  "pk": 33,
  "fields": {
    "time": "2019-04-30T17:58:00.006Z",
    "session": 12,
    "_visited_element": 11,
    "description": null
  }
},
{
  "model": "service_development.callsessionstep",
  "pk": 34,
  "fields": {
    "time": "2019-04-30T17:58:47.855Z",
    "session": 13,
    "_visited_element": 8,
    "description": null
  }
},
{
  "model": "service_development.callsessionstep",
  "pk": 35,
  "fields": {
    "time": "2019-04-30T17:58:49.158Z",
    "session": 13,
    "_visited_element": 12,
    "description": null
  }
},
{
  "model": "service_development.callsessionstep",
  "pk": 36,
  "fields": {
    "time": "2019-04-30T17:58:50.690Z",
    "session": 13,
    "_visited_element": 28,
    "description": null
  }
},
{
  "model": "service_development.callsessionstep",
  "pk": 37,
  "fields": {
    "time": "2019-04-30T17:58:50.836Z",
    "session": 13,
    "_visited_element": 21,
    "description": null
  }
},
{
  "model": "service_development.callsessionstep",
  "pk": 38,
  "fields": {
    "time": "2019-04-30T17:58:52.242Z",
    "session": 13,
    "_visited_element": 32,
    "description": null
  }
},
{
  "model": "service_development.callsessionstep",
  "pk": 39,
  "fields": {
    "time": "2019-04-30T17:58:52.324Z",
    "session": 13,
    "_visited_element": 29,
    "description": null
  }
},
{
  "model": "service_development.callsessionstep",
  "pk": 40,
  "fields": {
    "time": "2019-04-30T17:58:55.101Z",
    "session": 13,
    "_visited_element": 33,
    "description": null
  }
},
{
  "model": "service_development.callsessionstep",
  "pk": 41,
  "fields": {
    "time": "2019-04-30T17:58:55.219Z",
    "session": 13,
    "_visited_element": 34,
    "description": null
  }
},
{
  "model": "service_development.callsessionstep",
  "pk": 42,
  "fields": {
    "time": "2019-04-30T17:59:05.296Z",
    "session": 13,
    "_visited_element": 12,
    "description": null
  }
},
{
  "model": "service_development.callsessionstep",
  "pk": 43,
  "fields": {
    "time": "2019-04-30T18:04:37.898Z",
    "session": 14,
    "_visited_element": 8,
    "description": null
  }
},
{
  "model": "service_development.callsessionstep",
  "pk": 44,
  "fields": {
    "time": "2019-04-30T18:04:39.729Z",
    "session": 14,
    "_visited_element": 12,
    "description": null
  }
},
{
  "model": "service_development.callsessionstep",
  "pk": 45,
  "fields": {
    "time": "2019-04-30T18:04:41.095Z",
    "session": 14,
    "_visited_element": 28,
    "description": null
  }
},
{
  "model": "service_development.callsessionstep",
  "pk": 46,
  "fields": {
    "time": "2019-04-30T18:04:41.253Z",
    "session": 14,
    "_visited_element": 21,
    "description": null
  }
},
{
  "model": "service_development.callsessionstep",
  "pk": 47,
  "fields": {
    "time": "2019-04-30T18:04:41.861Z",
    "session": 14,
    "_visited_element": 32,
    "description": null
  }
},
{
  "model": "service_development.callsessionstep",
  "pk": 48,
  "fields": {
    "time": "2019-04-30T18:04:41.977Z",
    "session": 14,
    "_visited_element": 29,
    "description": null
  }
},
{
  "model": "service_development.callsessionstep",
  "pk": 49,
  "fields": {
    "time": "2019-04-30T18:04:59.956Z",
    "session": 15,
    "_visited_element": 8,
    "description": null
  }
},
{
  "model": "service_development.callsessionstep",
  "pk": 50,
  "fields": {
    "time": "2019-04-30T18:05:00.524Z",
    "session": 15,
    "_visited_element": 12,
    "description": null
  }
},
{
  "model": "service_development.callsessionstep",
  "pk": 51,
  "fields": {
    "time": "2019-04-30T18:05:01.018Z",
    "session": 15,
    "_visited_element": 28,
    "description": null
  }
},
{
  "model": "service_development.callsessionstep",
  "pk": 52,
  "fields": {
    "time": "2019-04-30T18:05:01.148Z",
    "session": 15,
    "_visited_element": 21,
    "description": null
  }
},
{
  "model": "service_development.callsessionstep",
  "pk": 53,
  "fields": {
    "time": "2019-04-30T18:05:01.654Z",
    "session": 15,
    "_visited_element": 32,
    "description": null
  }
},
{
  "model": "service_development.callsessionstep",
  "pk": 54,
  "fields": {
    "time": "2019-04-30T18:05:01.778Z",
    "session": 15,
    "_visited_element": 29,
    "description": null
  }
},
{
  "model": "service_development.callsessionstep",
  "pk": 55,
  "fields": {
    "time": "2019-04-30T18:05:09.110Z",
    "session": 15,
    "_visited_element": 33,
    "description": null
  }
},
{
  "model": "service_development.callsessionstep",
  "pk": 56,
  "fields": {
    "time": "2019-04-30T18:05:09.202Z",
    "session": 15,
    "_visited_element": 34,
    "description": null
  }
},
{
  "model": "service_development.callsessionstep",
  "pk": 57,
  "fields": {
    "time": "2019-04-30T18:05:11.969Z",
    "session": 15,
    "_visited_element": 37,
    "description": null
  }
},
{
  "model": "service_development.callsessionstep",
  "pk": 58,
  "fields": {
    "time": "2019-04-30T18:05:44.975Z",
    "session": 15,
    "_visited_element": 37,
    "description": null
  }
},
{
  "model": "service_development.callsessionstep",
  "pk": 59,
  "fields": {
    "time": "2019-04-30T18:06:20.916Z",
    "session": 16,
    "_visited_element": 8,
    "description": null
  }
},
{
  "model": "service_development.callsessionstep",
  "pk": 60,
  "fields": {
    "time": "2019-04-30T18:06:58.797Z",
    "session": 16,
    "_visited_element": 12,
    "description": null
  }
},
{
  "model": "service_development.callsessionstep",
  "pk": 61,
  "fields": {
    "time": "2019-04-30T18:07:17.436Z",
    "session": 16,
    "_visited_element": 28,
    "description": null
  }
},
{
  "model": "service_development.callsessionstep",
  "pk": 62,
  "fields": {
    "time": "2019-04-30T18:07:26.206Z",
    "session": 16,
    "_visited_element": 21,
    "description": null
  }
},
{
  "model": "service_development.callsessionstep",
  "pk": 63,
  "fields": {
    "time": "2019-04-30T18:07:32.833Z",
    "session": 16,
    "_visited_element": 32,
    "description": null
  }
},
{
  "model": "service_development.callsessionstep",
  "pk": 64,
  "fields": {
    "time": "2019-04-30T18:07:39.598Z",
    "session": 16,
    "_visited_element": 29,
    "description": null
  }
},
{
  "model": "service_development.callsessionstep",
  "pk": 65,
  "fields": {
    "time": "2019-04-30T18:07:46.706Z",
    "session": 16,
    "_visited_element": 33,
    "description": null
  }
},
{
  "model": "service_development.callsessionstep",
  "pk": 66,
  "fields": {
    "time": "2019-04-30T18:07:52.451Z",
    "session": 16,
    "_visited_element": 34,
    "description": null
  }
},
{
  "model": "service_development.callsessionstep",
  "pk": 67,
  "fields": {
    "time": "2019-04-30T18:07:59.222Z",
    "session": 16,
    "_visited_element": 37,
    "description": null
  }
},
{
  "model": "service_development.callsessionstep",
  "pk": 68,
  "fields": {
    "time": "2019-04-30T18:09:43.061Z",
    "session": 17,
    "_visited_element": 8,
    "description": null
  }
},
{
  "model": "service_development.callsessionstep",
  "pk": 69,
  "fields": {
    "time": "2019-04-30T18:09:51.471Z",
    "session": 18,
    "_visited_element": 8,
    "description": null
  }
},
{
  "model": "service_development.callsessionstep",
  "pk": 70,
  "fields": {
    "time": "2019-04-30T18:10:00.006Z",
    "session": 16,
    "_visited_element": 34,
    "description": null
  }
},
{
  "model": "service_development.callsessionstep",
  "pk": 71,
  "fields": {
    "time": "2019-04-30T18:10:05.131Z",
    "session": 16,
    "_visited_element": 37,
    "description": null
  }
},
{
  "model": "service_development.callsessionstep",
  "pk": 72,
  "fields": {
    "time": "2019-04-30T18:10:14.711Z",
    "session": 19,
    "_visited_element": 8,
    "description": null
  }
},
{
  "model": "service_development.callsessionstep",
  "pk": 73,
  "fields": {
    "time": "2019-04-30T18:10:16.284Z",
    "session": 19,
    "_visited_element": 12,
    "description": null
  }
},
{
  "model": "service_development.callsessionstep",
  "pk": 74,
  "fields": {
    "time": "2019-04-30T18:10:16.774Z",
    "session": 19,
    "_visited_element": 28,
    "description": null
  }
},
{
  "model": "service_development.callsessionstep",
  "pk": 75,
  "fields": {
    "time": "2019-04-30T18:10:16.881Z",
    "session": 19,
    "_visited_element": 21,
    "description": null
  }
},
{
  "model": "service_development.callsessionstep",
  "pk": 76,
  "fields": {
    "time": "2019-04-30T18:10:17.426Z",
    "session": 19,
    "_visited_element": 32,
    "description": null
  }
},
{
  "model": "service_development.callsessionstep",
  "pk": 77,
  "fields": {
    "time": "2019-04-30T18:10:17.552Z",
    "session": 19,
    "_visited_element": 29,
    "description": null
  }
},
{
  "model": "service_development.callsessionstep",
  "pk": 78,
  "fields": {
    "time": "2019-04-30T18:10:17.872Z",
    "session": 19,
    "_visited_element": 33,
    "description": null
  }
},
{
  "model": "service_development.callsessionstep",
  "pk": 79,
  "fields": {
    "time": "2019-04-30T18:10:17.979Z",
    "session": 19,
    "_visited_element": 34,
    "description": null
  }
},
{
  "model": "service_development.callsessionstep",
  "pk": 80,
  "fields": {
    "time": "2019-04-30T18:10:20.111Z",
    "session": 19,
    "_visited_element": 37,
    "description": null
  }
},
{
  "model": "service_development.callsessionstep",
  "pk": 81,
  "fields": {
    "time": "2019-04-30T18:10:39.812Z",
    "session": 19,
    "_visited_element": 11,
    "description": null
  }
},
{
  "model": "service_development.callsessionstep",
  "pk": 82,
  "fields": {
    "time": "2019-05-01T12:12:48.971Z",
    "session": 16,
    "_visited_element": 37,
    "description": null
  }
},
{
  "model": "service_development.callsessionstep",
  "pk": 83,
  "fields": {
    "time": "2019-05-01T12:25:56.501Z",
    "session": 20,
    "_visited_element": 8,
    "description": null
  }
},
{
  "model": "service_development.callsessionstep",
  "pk": 84,
  "fields": {
    "time": "2019-05-01T12:26:02.535Z",
    "session": 20,
    "_visited_element": 11,
    "description": null
  }
},
{
  "model": "service_development.callsessionstep",
  "pk": 85,
  "fields": {
    "time": "2019-05-01T12:26:20.199Z",
    "session": 21,
    "_visited_element": 8,
    "description": null
  }
},
{
  "model": "service_development.callsessionstep",
  "pk": 86,
  "fields": {
    "time": "2019-05-01T12:26:21.807Z",
    "session": 21,
    "_visited_element": 45,
    "description": null
  }
},
{
  "model": "service_development.callsessionstep",
  "pk": 87,
  "fields": {
    "time": "2019-05-01T12:26:28.066Z",
    "session": 21,
    "_visited_element": 44,
    "description": null
  }
},
{
  "model": "service_development.callsessionstep",
  "pk": 88,
  "fields": {
    "time": "2019-05-01T12:26:28.208Z",
    "session": 21,
    "_visited_element": 11,
    "description": null
  }
},
{
  "model": "service_development.callsessionstep",
  "pk": 89,
  "fields": {
    "time": "2019-05-01T12:32:00.887Z",
    "session": 22,
    "_visited_element": 8,
    "description": null
  }
},
{
  "model": "service_development.callsessionstep",
  "pk": 90,
  "fields": {
    "time": "2019-05-01T12:32:01.946Z",
    "session": 22,
    "_visited_element": 45,
    "description": null
  }
},
{
  "model": "service_development.callsessionstep",
  "pk": 91,
  "fields": {
    "time": "2019-05-01T12:32:04.338Z",
    "session": 22,
    "_visited_element": 44,
    "description": null
  }
},
{
  "model": "service_development.callsessionstep",
  "pk": 92,
  "fields": {
    "time": "2019-05-01T12:32:04.479Z",
    "session": 22,
    "_visited_element": 54,
    "description": null
  }
},
{
  "model": "service_development.callsessionstep",
  "pk": 93,
  "fields": {
    "time": "2019-05-01T12:32:15.194Z",
    "session": 22,
    "_visited_element": 53,
    "description": null
  }
},
{
  "model": "service_development.callsessionstep",
  "pk": 94,
  "fields": {
    "time": "2019-05-01T12:32:15.337Z",
    "session": 22,
    "_visited_element": 6,
    "description": null
  }
},
{
  "model": "service_development.callsessionstep",
  "pk": 95,
  "fields": {
    "time": "2019-05-01T12:33:46.992Z",
    "session": 23,
    "_visited_element": 8,
    "description": null
  }
},
{
  "model": "service_development.callsessionstep",
  "pk": 96,
  "fields": {
    "time": "2019-05-01T12:33:49.507Z",
    "session": 23,
    "_visited_element": 12,
    "description": null
  }
},
{
  "model": "service_development.callsessionstep",
  "pk": 97,
  "fields": {
    "time": "2019-05-01T12:33:54.109Z",
    "session": 24,
    "_visited_element": 8,
    "description": null
  }
},
{
  "model": "service_development.callsessionstep",
  "pk": 98,
  "fields": {
    "time": "2019-05-01T12:33:57.799Z",
    "session": 24,
    "_visited_element": 45,
    "description": null
  }
},
{
  "model": "service_development.callsessionstep",
  "pk": 99,
  "fields": {
    "time": "2019-05-01T12:34:03.980Z",
    "session": 24,
    "_visited_element": 44,
    "description": null
  }
},
{
  "model": "service_development.callsessionstep",
  "pk": 100,
  "fields": {
    "time": "2019-05-01T12:34:04.106Z",
    "session": 24,
    "_visited_element": 54,
    "description": null
  }
},
{
  "model": "service_development.callsessionstep",
  "pk": 101,
  "fields": {
    "time": "2019-05-01T12:34:13.535Z",
    "session": 24,
    "_visited_element": 53,
    "description": null
  }
},
{
  "model": "service_development.callsessionstep",
  "pk": 102,
  "fields": {
    "time": "2019-05-01T12:34:13.619Z",
    "session": 24,
    "_visited_element": 11,
    "description": null
  }
},
{
  "model": "service_development.callsessionstep",
  "pk": 103,
  "fields": {
    "time": "2019-05-01T12:39:53.305Z",
    "session": 25,
    "_visited_element": 8,
    "description": null
  }
},
{
  "model": "service_development.callsessionstep",
  "pk": 104,
  "fields": {
    "time": "2019-05-01T12:39:55.549Z",
    "session": 25,
    "_visited_element": 45,
    "description": null
  }
},
{
  "model": "service_development.callsessionstep",
  "pk": 105,
  "fields": {
    "time": "2019-05-01T12:39:59.645Z",
    "session": 25,
    "_visited_element": 44,
    "description": null
  }
},
{
  "model": "service_development.callsessionstep",
  "pk": 106,
  "fields": {
    "time": "2019-05-01T12:39:59.799Z",
    "session": 25,
    "_visited_element": 54,
    "description": null
  }
},
{
  "model": "service_development.callsessionstep",
  "pk": 107,
  "fields": {
    "time": "2019-05-01T12:40:03.465Z",
    "session": 25,
    "_visited_element": 53,
    "description": null
  }
},
{
  "model": "service_development.callsessionstep",
  "pk": 108,
  "fields": {
    "time": "2019-05-01T12:40:03.579Z",
    "session": 25,
    "_visited_element": 63,
    "description": null
  }
},
{
  "model": "service_development.callsessionstep",
  "pk": 109,
  "fields": {
    "time": "2019-05-01T12:40:11.590Z",
    "session": 25,
    "_visited_element": 62,
    "description": null
  }
},
{
  "model": "service_development.callsessionstep",
  "pk": 110,
  "fields": {
    "time": "2019-05-01T12:40:11.709Z",
    "session": 25,
    "_visited_element": 11,
    "description": null
  }
},
{
  "model": "service_development.callsessionstep",
  "pk": 111,
  "fields": {
    "time": "2019-05-01T12:53:42.680Z",
    "session": 26,
    "_visited_element": 8,
    "description": null
  }
},
{
  "model": "service_development.callsessionstep",
  "pk": 112,
  "fields": {
    "time": "2019-05-01T12:53:46.452Z",
    "session": 26,
    "_visited_element": 8,
    "description": null
  }
},
{
  "model": "service_development.callsessionstep",
  "pk": 113,
  "fields": {
    "time": "2019-05-01T12:55:25.960Z",
    "session": 27,
    "_visited_element": 8,
    "description": null
  }
},
{
  "model": "service_development.callsessionstep",
  "pk": 114,
  "fields": {
    "time": "2019-05-01T12:55:48.823Z",
    "session": 28,
    "_visited_element": 8,
    "description": null
  }
},
{
  "model": "service_development.callsessionstep",
  "pk": 115,
  "fields": {
    "time": "2019-05-06T09:43:28.906Z",
    "session": 29,
    "_visited_element": 8,
    "description": null
  }
},
{
  "model": "service_development.callsessionstep",
  "pk": 116,
  "fields": {
    "time": "2019-05-06T09:43:47.019Z",
    "session": 29,
    "_visited_element": 11,
    "description": null
  }
},
{
  "model": "service_development.callsessionstep",
  "pk": 117,
  "fields": {
    "time": "2019-05-06T09:46:45.732Z",
    "session": 30,
    "_visited_element": 8,
    "description": null
  }
},
{
  "model": "service_development.callsessionstep",
  "pk": 118,
  "fields": {
    "time": "2019-05-08T08:28:09.708Z",
    "session": 31,
    "_visited_element": null,
    "description": "Registered as user: 0629582906"
  }
},
{
  "model": "service_development.callsessionstep",
  "pk": 119,
  "fields": {
    "time": "2019-05-08T08:28:09.803Z",
    "session": 31,
    "_visited_element": 8,
    "description": null
  }
},
{
  "model": "service_development.callsessionstep",
  "pk": 120,
  "fields": {
    "time": "2019-05-08T08:28:25.449Z",
    "session": 31,
    "_visited_element": 12,
    "description": null
  }
},
{
  "model": "service_development.callsessionstep",
  "pk": 121,
  "fields": {
    "time": "2019-05-08T08:28:34.014Z",
    "session": 32,
    "_visited_element": 8,
    "description": null
  }
},
{
  "model": "service_development.callsessionstep",
  "pk": 122,
  "fields": {
    "time": "2019-05-08T20:33:25.615Z",
    "session": 33,
    "_visited_element": 8,
    "description": null
  }
},
{
  "model": "service_development.callsessionstep",
  "pk": 123,
  "fields": {
    "time": "2019-05-08T20:34:36.585Z",
    "session": 33,
    "_visited_element": 12,
    "description": null
  }
},
{
  "model": "service_development.callsessionstep",
  "pk": 124,
  "fields": {
    "time": "2019-05-09T02:25:02.983Z",
    "session": 34,
    "_visited_element": 8,
    "description": null
  }
},
{
  "model": "service_development.callsessionstep",
  "pk": 125,
  "fields": {
    "time": "2019-05-09T13:45:06.089Z",
    "session": 35,
    "_visited_element": 8,
    "description": null
  }
},
{
  "model": "service_development.callsessionstep",
  "pk": 126,
  "fields": {
    "time": "2019-05-09T13:45:08.133Z",
    "session": 36,
    "_visited_element": 8,
    "description": null
  }
},
{
  "model": "service_development.callsessionstep",
  "pk": 127,
  "fields": {
    "time": "2019-05-09T13:47:30.402Z",
    "session": 37,
    "_visited_element": 8,
    "description": null
  }
},
{
  "model": "service_development.callsessionstep",
  "pk": 128,
  "fields": {
    "time": "2019-05-09T13:47:46.288Z",
    "session": 37,
    "_visited_element": 12,
    "description": null
  }
},
{
  "model": "service_development.callsessionstep",
  "pk": 129,
  "fields": {
    "time": "2019-05-09T13:47:53.268Z",
    "session": 37,
    "_visited_element": 28,
    "description": null
  }
},
{
  "model": "service_development.callsessionstep",
  "pk": 130,
  "fields": {
    "time": "2019-05-09T13:47:53.394Z",
    "session": 37,
    "_visited_element": 21,
    "description": null
  }
},
{
  "model": "service_development.callsessionstep",
  "pk": 131,
  "fields": {
    "time": "2019-05-09T13:47:54.511Z",
    "session": 37,
    "_visited_element": 32,
    "description": null
  }
},
{
  "model": "service_development.callsessionstep",
  "pk": 132,
  "fields": {
    "time": "2019-05-09T13:47:54.625Z",
    "session": 37,
    "_visited_element": 29,
    "description": null
  }
},
{
  "model": "service_development.callsessionstep",
  "pk": 133,
  "fields": {
    "time": "2019-05-09T13:48:40.918Z",
    "session": 38,
    "_visited_element": 8,
    "description": null
  }
},
{
  "model": "service_development.callsessionstep",
  "pk": 134,
  "fields": {
    "time": "2019-05-09T13:50:36.469Z",
    "session": 39,
    "_visited_element": 8,
    "description": null
  }
},
{
  "model": "service_development.choice",
  "pk": 2,
  "fields": {}
},
{
  "model": "service_development.choice",
  "pk": 8,
  "fields": {}
},
{
  "model": "service_development.choice",
  "pk": 12,
  "fields": {}
},
{
  "model": "service_development.choice",
  "pk": 21,
  "fields": {}
},
{
  "model": "service_development.choice",
  "pk": 29,
  "fields": {}
},
{
  "model": "service_development.choice",
  "pk": 34,
  "fields": {}
},
{
  "model": "service_development.choice",
  "pk": 39,
  "fields": {}
},
{
  "model": "service_development.choice",
  "pk": 45,
  "fields": {}
},
{
  "model": "service_development.choice",
  "pk": 54,
  "fields": {}
},
{
  "model": "service_development.choice",
  "pk": 63,
  "fields": {}
},
{
  "model": "service_development.choiceoption",
  "pk": 3,
  "fields": {
    "parent": 2,
    "_redirect": 5
  }
},
{
  "model": "service_development.choiceoption",
  "pk": 4,
  "fields": {
    "parent": 2,
    "_redirect": 7
  }
},
{
  "model": "service_development.choiceoption",
  "pk": 9,
  "fields": {
    "parent": 8,
    "_redirect": 12
  }
},
{
  "model": "service_development.choiceoption",
  "pk": 10,
  "fields": {
    "parent": 8,
    "_redirect": 45
  }
},
{
  "model": "service_development.choiceoption",
  "pk": 13,
  "fields": {
    "parent": 12,
    "_redirect": 28
  }
},
{
  "model": "service_development.choiceoption",
  "pk": 14,
  "fields": {
    "parent": 12,
    "_redirect": 28
  }
},
{
  "model": "service_development.choiceoption",
  "pk": 15,
  "fields": {
    "parent": 12,
    "_redirect": 28
  }
},
{
  "model": "service_development.choiceoption",
  "pk": 16,
  "fields": {
    "parent": 12,
    "_redirect": 28
  }
},
{
  "model": "service_development.choiceoption",
  "pk": 17,
  "fields": {
    "parent": 12,
    "_redirect": 28
  }
},
{
  "model": "service_development.choiceoption",
  "pk": 18,
  "fields": {
    "parent": 12,
    "_redirect": 28
  }
},
{
  "model": "service_development.choiceoption",
  "pk": 20,
  "fields": {
    "parent": 8,
    "_redirect": 11
  }
},
{
  "model": "service_development.choiceoption",
  "pk": 22,
  "fields": {
    "parent": 21,
    "_redirect": 32
  }
},
{
  "model": "service_development.choiceoption",
  "pk": 23,
  "fields": {
    "parent": 21,
    "_redirect": 32
  }
},
{
  "model": "service_development.choiceoption",
  "pk": 24,
  "fields": {
    "parent": 21,
    "_redirect": 32
  }
},
{
  "model": "service_development.choiceoption",
  "pk": 25,
  "fields": {
    "parent": 21,
    "_redirect": 32
  }
},
{
  "model": "service_development.choiceoption",
  "pk": 26,
  "fields": {
    "parent": 21,
    "_redirect": 32
  }
},
{
  "model": "service_development.choiceoption",
  "pk": 27,
  "fields": {
    "parent": 21,
    "_redirect": 32
  }
},
{
  "model": "service_development.choiceoption",
  "pk": 30,
  "fields": {
    "parent": 29,
    "_redirect": 33
  }
},
{
  "model": "service_development.choiceoption",
  "pk": 31,
  "fields": {
    "parent": 29,
    "_redirect": 33
  }
},
{
  "model": "service_development.choiceoption",
  "pk": 35,
  "fields": {
    "parent": 34,
    "_redirect": 37
  }
},
{
  "model": "service_development.choiceoption",
  "pk": 36,
  "fields": {
    "parent": 34,
    "_redirect": 19
  }
},
{
  "model": "service_development.choiceoption",
  "pk": 38,
  "fields": {
    "parent": 8,
    "_redirect": 11
  }
},
{
  "model": "service_development.choiceoption",
  "pk": 40,
  "fields": {
    "parent": 39,
    "_redirect": 19
  }
},
{
  "model": "service_development.choiceoption",
  "pk": 41,
  "fields": {
    "parent": 39,
    "_redirect": 11
  }
},
{
  "model": "service_development.choiceoption",
  "pk": 42,
  "fields": {
    "parent": 39,
    "_redirect": 11
  }
},
{
  "model": "service_development.choiceoption",
  "pk": 43,
  "fields": {
    "parent": 39,
    "_redirect": 11
  }
},
{
  "model": "service_development.choiceoption",
  "pk": 46,
  "fields": {
    "parent": 45,
    "_redirect": 44
  }
},
{
  "model": "service_development.choiceoption",
  "pk": 47,
  "fields": {
    "parent": 45,
    "_redirect": 44
  }
},
{
  "model": "service_development.choiceoption",
  "pk": 48,
  "fields": {
    "parent": 45,
    "_redirect": 44
  }
},
{
  "model": "service_development.choiceoption",
  "pk": 49,
  "fields": {
    "parent": 45,
    "_redirect": 44
  }
},
{
  "model": "service_development.choiceoption",
  "pk": 50,
  "fields": {
    "parent": 45,
    "_redirect": 44
  }
},
{
  "model": "service_development.choiceoption",
  "pk": 51,
  "fields": {
    "parent": 45,
    "_redirect": 44
  }
},
{
  "model": "service_development.choiceoption",
  "pk": 52,
  "fields": {
    "parent": 45,
    "_redirect": 44
  }
},
{
  "model": "service_development.choiceoption",
  "pk": 55,
  "fields": {
    "parent": 54,
    "_redirect": 53
  }
},
{
  "model": "service_development.choiceoption",
  "pk": 56,
  "fields": {
    "parent": 54,
    "_redirect": 53
  }
},
{
  "model": "service_development.choiceoption",
  "pk": 57,
  "fields": {
    "parent": 54,
    "_redirect": 53
  }
},
{
  "model": "service_development.choiceoption",
  "pk": 58,
  "fields": {
    "parent": 54,
    "_redirect": 53
  }
},
{
  "model": "service_development.choiceoption",
  "pk": 59,
  "fields": {
    "parent": 54,
    "_redirect": 53
  }
},
{
  "model": "service_development.choiceoption",
  "pk": 60,
  "fields": {
    "parent": 54,
    "_redirect": 53
  }
},
{
  "model": "service_development.choiceoption",
  "pk": 61,
  "fields": {
    "parent": 54,
    "_redirect": 53
  }
},
{
  "model": "service_development.choiceoption",
  "pk": 64,
  "fields": {
    "parent": 63,
    "_redirect": 62
  }
},
{
  "model": "service_development.choiceoption",
  "pk": 65,
  "fields": {
    "parent": 63,
    "_redirect": 62
  }
},
{
  "model": "service_development.messagepresentation",
  "pk": 5,
  "fields": {
    "final_element": false,
    "_redirect": 6
  }
},
{
  "model": "service_development.messagepresentation",
  "pk": 6,
  "fields": {
    "final_element": true,
    "_redirect": null
  }
},
{
  "model": "service_development.messagepresentation",
  "pk": 7,
  "fields": {
    "final_element": false,
    "_redirect": 6
  }
},
{
  "model": "service_development.messagepresentation",
  "pk": 11,
  "fields": {
    "final_element": true,
    "_redirect": null
  }
},
{
  "model": "service_development.messagepresentation",
  "pk": 19,
  "fields": {
    "final_element": false,
    "_redirect": 12
  }
},
{
  "model": "service_development.messagepresentation",
  "pk": 28,
  "fields": {
    "final_element": false,
    "_redirect": 21
  }
},
{
  "model": "service_development.messagepresentation",
  "pk": 32,
  "fields": {
    "final_element": false,
    "_redirect": 29
  }
},
{
  "model": "service_development.messagepresentation",
  "pk": 33,
  "fields": {
    "final_element": false,
    "_redirect": 34
  }
},
{
  "model": "service_development.messagepresentation",
  "pk": 44,
  "fields": {
    "final_element": false,
    "_redirect": 54
  }
},
{
  "model": "service_development.messagepresentation",
  "pk": 53,
  "fields": {
    "final_element": false,
    "_redirect": 63
  }
},
{
  "model": "service_development.messagepresentation",
  "pk": 62,
  "fields": {
    "final_element": false,
    "_redirect": 39
  }
},
{
  "model": "service_development.messagepresentation",
  "pk": 66,
  "fields": {
    "final_element": false,
    "_redirect": 39
  }
},
{
  "model": "service_development.userinputcategory",
  "pk": 1,
  "fields": {
    "name": "Introduction Message",
    "description": "Small messages left by users to lay an initial connection. This way the user can hear who they may be dealing with before trying to contact them.",
    "service": 2
  }
},
{
  "model": "service_development.userinputcategory",
  "pk": 2,
  "fields": {
    "name": "Seed Type",
    "description": "If a type is not in the system users can leave a message with their own seed type.",
    "service": 2
  }
},
{
  "model": "service_development.spokenuserinput",
  "pk": 1,
  "fields": {
    "audio": "uploads/recording_19_37.wav",
    "time": "2019-04-30T18:10:39.642Z",
    "session": 19,
    "category": 1,
    "description": null
  }
},
{
  "model": "service_development.record",
  "pk": 37,
  "fields": {
    "not_heard_voice_label": 46,
    "repeat_recording_to_caller": true,
    "repeat_voice_label": 47,
    "ask_confirmation": true,
    "ask_confirmation_voice_label": 44,
    "final_voice_label": 48,
    "input_category": 1,
    "max_time_input": 12,
    "_redirect": 11
  }
},
{
  "model": "contenttypes.contenttype",
  "pk": 1,
  "fields": {
    "app_label": "service_development",
    "model": "callsession"
  }
},
{
  "model": "contenttypes.contenttype",
  "pk": 2,
  "fields": {
    "app_label": "service_development",
    "model": "callsessionstep"
  }
},
{
  "model": "contenttypes.contenttype",
  "pk": 3,
  "fields": {
    "app_label": "service_development",
    "model": "kasadakauser"
  }
},
{
  "model": "contenttypes.contenttype",
  "pk": 4,
  "fields": {
    "app_label": "service_development",
    "model": "language"
  }
},
{
  "model": "contenttypes.contenttype",
  "pk": 5,
  "fields": {
    "app_label": "service_development",
    "model": "spokenuserinput"
  }
},
{
  "model": "contenttypes.contenttype",
  "pk": 6,
  "fields": {
    "app_label": "service_development",
    "model": "userinputcategory"
  }
},
{
  "model": "contenttypes.contenttype",
  "pk": 7,
  "fields": {
    "app_label": "service_development",
    "model": "voicefragment"
  }
},
{
  "model": "contenttypes.contenttype",
  "pk": 8,
  "fields": {
    "app_label": "service_development",
    "model": "voicelabel"
  }
},
{
  "model": "contenttypes.contenttype",
  "pk": 9,
  "fields": {
    "app_label": "service_development",
    "model": "voiceservice"
  }
},
{
  "model": "contenttypes.contenttype",
  "pk": 10,
  "fields": {
    "app_label": "service_development",
    "model": "voiceservicesubelement"
  }
},
{
  "model": "contenttypes.contenttype",
  "pk": 11,
  "fields": {
    "app_label": "service_development",
    "model": "choiceoption"
  }
},
{
  "model": "contenttypes.contenttype",
  "pk": 12,
  "fields": {
    "app_label": "service_development",
    "model": "voiceserviceelement"
  }
},
{
  "model": "contenttypes.contenttype",
  "pk": 13,
  "fields": {
    "app_label": "service_development",
    "model": "choice"
  }
},
{
  "model": "contenttypes.contenttype",
  "pk": 14,
  "fields": {
    "app_label": "service_development",
    "model": "messagepresentation"
  }
},
{
  "model": "contenttypes.contenttype",
  "pk": 15,
  "fields": {
    "app_label": "service_development",
    "model": "record"
  }
},
{
  "model": "contenttypes.contenttype",
  "pk": 16,
  "fields": {
    "app_label": "admin",
    "model": "logentry"
  }
},
{
  "model": "contenttypes.contenttype",
  "pk": 17,
  "fields": {
    "app_label": "auth",
    "model": "permission"
  }
},
{
  "model": "contenttypes.contenttype",
  "pk": 18,
  "fields": {
    "app_label": "auth",
    "model": "group"
  }
},
{
  "model": "contenttypes.contenttype",
  "pk": 19,
  "fields": {
    "app_label": "auth",
    "model": "user"
  }
},
{
  "model": "contenttypes.contenttype",
  "pk": 20,
  "fields": {
    "app_label": "contenttypes",
    "model": "contenttype"
  }
},
{
  "model": "contenttypes.contenttype",
  "pk": 21,
  "fields": {
    "app_label": "sessions",
    "model": "session"
  }
},
{
  "model": "sessions.session",
  "pk": "j5rluk6rcta9esvgpyxl8nfvt607xffv",
  "fields": {
    "session_data": "OWYxZGE5OWNkODRmYmE2ZTZiZWY4ZWU1NjU0MmUyYjI4Zjc4YWNkNjp7Il9hdXRoX3VzZXJfaWQiOiIxIiwiX2F1dGhfdXNlcl9iYWNrZW5kIjoiZGphbmdvLmNvbnRyaWIuYXV0aC5iYWNrZW5kcy5Nb2RlbEJhY2tlbmQiLCJfYXV0aF91c2VyX2hhc2giOiIwMjc3OTVkOTUzYzIyZTk0MjBjMTk5YWJiYjEzZGQxZTIyYmUxMzI3In0=",
    "expire_date": "2019-06-03T10:14:55.604Z"
  }
},
{
  "model": "sessions.session",
  "pk": "j9d794fy00qsydzmlkcwb4o1mzbdeobp",
  "fields": {
    "session_data": "OWYxZGE5OWNkODRmYmE2ZTZiZWY4ZWU1NjU0MmUyYjI4Zjc4YWNkNjp7Il9hdXRoX3VzZXJfaWQiOiIxIiwiX2F1dGhfdXNlcl9iYWNrZW5kIjoiZGphbmdvLmNvbnRyaWIuYXV0aC5iYWNrZW5kcy5Nb2RlbEJhY2tlbmQiLCJfYXV0aF91c2VyX2hhc2giOiIwMjc3OTVkOTUzYzIyZTk0MjBjMTk5YWJiYjEzZGQxZTIyYmUxMzI3In0=",
    "expire_date": "2019-05-14T11:39:42.505Z"
  }
},
{
  "model": "auth.permission",
  "pk": 1,
  "fields": {
    "name": "Can add Call Session",
    "content_type": 1,
    "codename": "add_callsession"
  }
},
{
  "model": "auth.permission",
  "pk": 2,
  "fields": {
    "name": "Can change Call Session",
    "content_type": 1,
    "codename": "change_callsession"
  }
},
{
  "model": "auth.permission",
  "pk": 3,
  "fields": {
    "name": "Can delete Call Session",
    "content_type": 1,
    "codename": "delete_callsession"
  }
},
{
  "model": "auth.permission",
  "pk": 4,
  "fields": {
    "name": "Can add Call Session Step",
    "content_type": 2,
    "codename": "add_callsessionstep"
  }
},
{
  "model": "auth.permission",
  "pk": 5,
  "fields": {
    "name": "Can change Call Session Step",
    "content_type": 2,
    "codename": "change_callsessionstep"
  }
},
{
  "model": "auth.permission",
  "pk": 6,
  "fields": {
    "name": "Can delete Call Session Step",
    "content_type": 2,
    "codename": "delete_callsessionstep"
  }
},
{
  "model": "auth.permission",
  "pk": 7,
  "fields": {
    "name": "Can add KasaDaka User",
    "content_type": 3,
    "codename": "add_kasadakauser"
  }
},
{
  "model": "auth.permission",
  "pk": 8,
  "fields": {
    "name": "Can change KasaDaka User",
    "content_type": 3,
    "codename": "change_kasadakauser"
  }
},
{
  "model": "auth.permission",
  "pk": 9,
  "fields": {
    "name": "Can delete KasaDaka User",
    "content_type": 3,
    "codename": "delete_kasadakauser"
  }
},
{
  "model": "auth.permission",
  "pk": 10,
  "fields": {
    "name": "Can add Language",
    "content_type": 4,
    "codename": "add_language"
  }
},
{
  "model": "auth.permission",
  "pk": 11,
  "fields": {
    "name": "Can change Language",
    "content_type": 4,
    "codename": "change_language"
  }
},
{
  "model": "auth.permission",
  "pk": 12,
  "fields": {
    "name": "Can delete Language",
    "content_type": 4,
    "codename": "delete_language"
  }
},
{
  "model": "auth.permission",
  "pk": 13,
  "fields": {
    "name": "Can add Spoken User Input",
    "content_type": 5,
    "codename": "add_spokenuserinput"
  }
},
{
  "model": "auth.permission",
  "pk": 14,
  "fields": {
    "name": "Can change Spoken User Input",
    "content_type": 5,
    "codename": "change_spokenuserinput"
  }
},
{
  "model": "auth.permission",
  "pk": 15,
  "fields": {
    "name": "Can delete Spoken User Input",
    "content_type": 5,
    "codename": "delete_spokenuserinput"
  }
},
{
  "model": "auth.permission",
  "pk": 16,
  "fields": {
    "name": "Can add User Input Category",
    "content_type": 6,
    "codename": "add_userinputcategory"
  }
},
{
  "model": "auth.permission",
  "pk": 17,
  "fields": {
    "name": "Can change User Input Category",
    "content_type": 6,
    "codename": "change_userinputcategory"
  }
},
{
  "model": "auth.permission",
  "pk": 18,
  "fields": {
    "name": "Can delete User Input Category",
    "content_type": 6,
    "codename": "delete_userinputcategory"
  }
},
{
  "model": "auth.permission",
  "pk": 19,
  "fields": {
    "name": "Can add Voice Fragment",
    "content_type": 7,
    "codename": "add_voicefragment"
  }
},
{
  "model": "auth.permission",
  "pk": 20,
  "fields": {
    "name": "Can change Voice Fragment",
    "content_type": 7,
    "codename": "change_voicefragment"
  }
},
{
  "model": "auth.permission",
  "pk": 21,
  "fields": {
    "name": "Can delete Voice Fragment",
    "content_type": 7,
    "codename": "delete_voicefragment"
  }
},
{
  "model": "auth.permission",
  "pk": 22,
  "fields": {
    "name": "Can add Voice Label",
    "content_type": 8,
    "codename": "add_voicelabel"
  }
},
{
  "model": "auth.permission",
  "pk": 23,
  "fields": {
    "name": "Can change Voice Label",
    "content_type": 8,
    "codename": "change_voicelabel"
  }
},
{
  "model": "auth.permission",
  "pk": 24,
  "fields": {
    "name": "Can delete Voice Label",
    "content_type": 8,
    "codename": "delete_voicelabel"
  }
},
{
  "model": "auth.permission",
  "pk": 25,
  "fields": {
    "name": "Can add Voice Service",
    "content_type": 9,
    "codename": "add_voiceservice"
  }
},
{
  "model": "auth.permission",
  "pk": 26,
  "fields": {
    "name": "Can change Voice Service",
    "content_type": 9,
    "codename": "change_voiceservice"
  }
},
{
  "model": "auth.permission",
  "pk": 27,
  "fields": {
    "name": "Can delete Voice Service",
    "content_type": 9,
    "codename": "delete_voiceservice"
  }
},
{
  "model": "auth.permission",
  "pk": 28,
  "fields": {
    "name": "Can add Voice Service Sub-Element",
    "content_type": 10,
    "codename": "add_voiceservicesubelement"
  }
},
{
  "model": "auth.permission",
  "pk": 29,
  "fields": {
    "name": "Can change Voice Service Sub-Element",
    "content_type": 10,
    "codename": "change_voiceservicesubelement"
  }
},
{
  "model": "auth.permission",
  "pk": 30,
  "fields": {
    "name": "Can delete Voice Service Sub-Element",
    "content_type": 10,
    "codename": "delete_voiceservicesubelement"
  }
},
{
  "model": "auth.permission",
  "pk": 31,
  "fields": {
    "name": "Can add Voice Service",
    "content_type": 11,
    "codename": "add_choiceoption"
  }
},
{
  "model": "auth.permission",
  "pk": 32,
  "fields": {
    "name": "Can change Voice Service",
    "content_type": 11,
    "codename": "change_choiceoption"
  }
},
{
  "model": "auth.permission",
  "pk": 33,
  "fields": {
    "name": "Can delete Voice Service",
    "content_type": 11,
    "codename": "delete_choiceoption"
  }
},
{
  "model": "auth.permission",
  "pk": 34,
  "fields": {
    "name": "Can add Voice Service Element",
    "content_type": 12,
    "codename": "add_voiceserviceelement"
  }
},
{
  "model": "auth.permission",
  "pk": 35,
  "fields": {
    "name": "Can change Voice Service Element",
    "content_type": 12,
    "codename": "change_voiceserviceelement"
  }
},
{
  "model": "auth.permission",
  "pk": 36,
  "fields": {
    "name": "Can delete Voice Service Element",
    "content_type": 12,
    "codename": "delete_voiceserviceelement"
  }
},
{
  "model": "auth.permission",
  "pk": 37,
  "fields": {
    "name": "Can add Choice Element",
    "content_type": 13,
    "codename": "add_choice"
  }
},
{
  "model": "auth.permission",
  "pk": 38,
  "fields": {
    "name": "Can change Choice Element",
    "content_type": 13,
    "codename": "change_choice"
  }
},
{
  "model": "auth.permission",
  "pk": 39,
  "fields": {
    "name": "Can delete Choice Element",
    "content_type": 13,
    "codename": "delete_choice"
  }
},
{
  "model": "auth.permission",
  "pk": 40,
  "fields": {
    "name": "Can add Message Presentation Element",
    "content_type": 14,
    "codename": "add_messagepresentation"
  }
},
{
  "model": "auth.permission",
  "pk": 41,
  "fields": {
    "name": "Can change Message Presentation Element",
    "content_type": 14,
    "codename": "change_messagepresentation"
  }
},
{
  "model": "auth.permission",
  "pk": 42,
  "fields": {
    "name": "Can delete Message Presentation Element",
    "content_type": 14,
    "codename": "delete_messagepresentation"
  }
},
{
  "model": "auth.permission",
  "pk": 43,
  "fields": {
    "name": "Can add Spoken Input Element",
    "content_type": 15,
    "codename": "add_record"
  }
},
{
  "model": "auth.permission",
  "pk": 44,
  "fields": {
    "name": "Can change Spoken Input Element",
    "content_type": 15,
    "codename": "change_record"
  }
},
{
  "model": "auth.permission",
  "pk": 45,
  "fields": {
    "name": "Can delete Spoken Input Element",
    "content_type": 15,
    "codename": "delete_record"
  }
},
{
  "model": "auth.permission",
  "pk": 46,
  "fields": {
    "name": "Can add log entry",
    "content_type": 16,
    "codename": "add_logentry"
  }
},
{
  "model": "auth.permission",
  "pk": 47,
  "fields": {
    "name": "Can change log entry",
    "content_type": 16,
    "codename": "change_logentry"
  }
},
{
  "model": "auth.permission",
  "pk": 48,
  "fields": {
    "name": "Can delete log entry",
    "content_type": 16,
    "codename": "delete_logentry"
  }
},
{
  "model": "auth.permission",
  "pk": 49,
  "fields": {
    "name": "Can add permission",
    "content_type": 17,
    "codename": "add_permission"
  }
},
{
  "model": "auth.permission",
  "pk": 50,
  "fields": {
    "name": "Can change permission",
    "content_type": 17,
    "codename": "change_permission"
  }
},
{
  "model": "auth.permission",
  "pk": 51,
  "fields": {
    "name": "Can delete permission",
    "content_type": 17,
    "codename": "delete_permission"
  }
},
{
  "model": "auth.permission",
  "pk": 52,
  "fields": {
    "name": "Can add group",
    "content_type": 18,
    "codename": "add_group"
  }
},
{
  "model": "auth.permission",
  "pk": 53,
  "fields": {
    "name": "Can change group",
    "content_type": 18,
    "codename": "change_group"
  }
},
{
  "model": "auth.permission",
  "pk": 54,
  "fields": {
    "name": "Can delete group",
    "content_type": 18,
    "codename": "delete_group"
  }
},
{
  "model": "auth.permission",
  "pk": 55,
  "fields": {
    "name": "Can add user",
    "content_type": 19,
    "codename": "add_user"
  }
},
{
  "model": "auth.permission",
  "pk": 56,
  "fields": {
    "name": "Can change user",
    "content_type": 19,
    "codename": "change_user"
  }
},
{
  "model": "auth.permission",
  "pk": 57,
  "fields": {
    "name": "Can delete user",
    "content_type": 19,
    "codename": "delete_user"
  }
},
{
  "model": "auth.permission",
  "pk": 58,
  "fields": {
    "name": "Can add content type",
    "content_type": 20,
    "codename": "add_contenttype"
  }
},
{
  "model": "auth.permission",
  "pk": 59,
  "fields": {
    "name": "Can change content type",
    "content_type": 20,
    "codename": "change_contenttype"
  }
},
{
  "model": "auth.permission",
  "pk": 60,
  "fields": {
    "name": "Can delete content type",
    "content_type": 20,
    "codename": "delete_contenttype"
  }
},
{
  "model": "auth.permission",
  "pk": 61,
  "fields": {
    "name": "Can add session",
    "content_type": 21,
    "codename": "add_session"
  }
},
{
  "model": "auth.permission",
  "pk": 62,
  "fields": {
    "name": "Can change session",
    "content_type": 21,
    "codename": "change_session"
  }
},
{
  "model": "auth.permission",
  "pk": 63,
  "fields": {
    "name": "Can delete session",
    "content_type": 21,
    "codename": "delete_session"
  }
},
{
  "model": "auth.user",
  "pk": 1,
  "fields": {
    "password": "pbkdf2_sha256$100000$xAuJFbP3zRLM$g9ek+jiajBDDxvIgAVmhs8sSo3U+2SC5o7K3hhzBRwk=",
    "last_login": "2019-05-20T10:14:55.589Z",
    "is_superuser": true,
    "username": "valuta",
    "first_name": "",
    "last_name": "",
    "email": "glenn@valutadev.com",
    "is_staff": true,
    "is_active": true,
    "date_joined": "2019-04-30T11:35:33.292Z",
    "groups": [],
    "user_permissions": []
  }
},
{
  "model": "admin.logentry",
  "pk": 1,
  "fields": {
    "action_time": "2019-04-30T13:58:09.387Z",
    "user": 1,
    "content_type": 8,
    "object_id": "26",
    "object_repr": "Voice Label: Bambaran Language",
    "action_flag": 1,
    "change_message": "[{\"added\": {}}]"
  }
},
{
  "model": "admin.logentry",
  "pk": 2,
  "fields": {
    "action_time": "2019-04-30T13:59:38.100Z",
    "user": 1,
    "content_type": 4,
    "object_id": "4",
    "object_repr": "Bambara (bm)",
    "action_flag": 1,
    "change_message": "[{\"added\": {}}]"
  }
},
{
  "model": "admin.logentry",
  "pk": 3,
  "fields": {
    "action_time": "2019-04-30T14:00:35.280Z",
    "user": 1,
    "content_type": 9,
    "object_id": "2",
    "object_repr": "Voice Service: se4d",
    "action_flag": 1,
    "change_message": "[{\"added\": {}}]"
  }
},
{
  "model": "admin.logentry",
  "pk": 4,
  "fields": {
    "action_time": "2019-04-30T14:28:48.431Z",
    "user": 1,
    "content_type": 8,
    "object_id": "27",
    "object_repr": "Voice Label: Welcome to se4d",
    "action_flag": 1,
    "change_message": "[{\"added\": {}}]"
  }
},
{
  "model": "admin.logentry",
  "pk": 5,
  "fields": {
    "action_time": "2019-04-30T15:09:15.832Z",
    "user": 1,
    "content_type": 8,
    "object_id": "28",
    "object_repr": "Voice Label: Making a trade offer",
    "action_flag": 1,
    "change_message": "[{\"added\": {}}, {\"added\": {\"name\": \"Voice Fragment\", \"object\": \"Voice Fragment: (English) Making a trade offer\"}}]"
  }
},
{
  "model": "admin.logentry",
  "pk": 6,
  "fields": {
    "action_time": "2019-04-30T15:11:27.022Z",
    "user": 1,
    "content_type": 8,
    "object_id": "27",
    "object_repr": "Voice Label: Welcome to se4d",
    "action_flag": 2,
    "change_message": "[{\"added\": {\"name\": \"Voice Fragment\", \"object\": \"Voice Fragment: (English) Welcome to se4d\"}}]"
  }
},
{
  "model": "admin.logentry",
  "pk": 7,
  "fields": {
    "action_time": "2019-04-30T15:11:55.826Z",
    "user": 1,
    "content_type": 9,
    "object_id": "2",
    "object_repr": "Voice Service: se4d",
    "action_flag": 2,
    "change_message": "[{\"changed\": {\"fields\": [\"supported_languages\"]}}]"
  }
},
{
  "model": "admin.logentry",
  "pk": 8,
  "fields": {
    "action_time": "2019-04-30T15:12:09.755Z",
    "user": 1,
    "content_type": 9,
    "object_id": "2",
    "object_repr": "Voice Service: se4d",
    "action_flag": 2,
    "change_message": "[]"
  }
},
{
  "model": "admin.logentry",
  "pk": 9,
  "fields": {
    "action_time": "2019-04-30T15:16:14.492Z",
    "user": 1,
    "content_type": 8,
    "object_id": "29",
    "object_repr": "Voice Label: Listening to existing offers",
    "action_flag": 1,
    "change_message": "[{\"added\": {}}, {\"added\": {\"name\": \"Voice Fragment\", \"object\": \"Voice Fragment: (English) Listening to existing offers\"}}]"
  }
},
{
  "model": "admin.logentry",
  "pk": 10,
  "fields": {
    "action_time": "2019-04-30T15:16:30.778Z",
    "user": 1,
    "content_type": 13,
    "object_id": "8",
    "object_repr": "Main menu",
    "action_flag": 1,
    "change_message": "[{\"added\": {}}, {\"added\": {\"name\": \"Voice Service\", \"object\": \"(Main menu): Make a trade offer\"}}, {\"added\": {\"name\": \"Voice Service\", \"object\": \"(Main menu): Listen to existing offers\"}}]"
  }
},
{
  "model": "admin.logentry",
  "pk": 11,
  "fields": {
    "action_time": "2019-04-30T15:17:01.594Z",
    "user": 1,
    "content_type": 9,
    "object_id": "2",
    "object_repr": "Voice Service: se4d",
    "action_flag": 2,
    "change_message": "[{\"changed\": {\"fields\": [\"_start_element\"]}}]"
  }
},
{
  "model": "admin.logentry",
  "pk": 12,
  "fields": {
    "action_time": "2019-04-30T15:17:19.166Z",
    "user": 1,
    "content_type": 13,
    "object_id": "8",
    "object_repr": "Main menu",
    "action_flag": 2,
    "change_message": "[{\"changed\": {\"name\": \"Voice Service\", \"object\": \"(Main menu): Make a trade offer\", \"fields\": [\"_redirect\"]}}, {\"changed\": {\"name\": \"Voice Service\", \"object\": \"(Main menu): Listen to existing offers\", \"fields\": [\"_redirect\"]}}]"
  }
},
{
  "model": "admin.logentry",
  "pk": 13,
  "fields": {
    "action_time": "2019-04-30T15:17:25.485Z",
    "user": 1,
    "content_type": 9,
    "object_id": "2",
    "object_repr": "Voice Service: se4d",
    "action_flag": 2,
    "change_message": "[]"
  }
},
{
  "model": "admin.logentry",
  "pk": 14,
  "fields": {
    "action_time": "2019-04-30T15:19:43.932Z",
    "user": 1,
    "content_type": 8,
    "object_id": "30",
    "object_repr": "Voice Label: Thank you and a good day",
    "action_flag": 1,
    "change_message": "[{\"added\": {}}, {\"added\": {\"name\": \"Voice Fragment\", \"object\": \"Voice Fragment: (English) Thank you and a good day\"}}]"
  }
},
{
  "model": "admin.logentry",
  "pk": 15,
  "fields": {
    "action_time": "2019-04-30T15:19:50.170Z",
    "user": 1,
    "content_type": 14,
    "object_id": "11",
    "object_repr": "Message: Thank you and a good day",
    "action_flag": 1,
    "change_message": "[{\"added\": {}}]"
  }
},
{
  "model": "admin.logentry",
  "pk": 16,
  "fields": {
    "action_time": "2019-04-30T15:20:00.685Z",
    "user": 1,
    "content_type": 13,
    "object_id": "8",
    "object_repr": "Main menu",
    "action_flag": 2,
    "change_message": "[]"
  }
},
{
  "model": "admin.logentry",
  "pk": 17,
  "fields": {
    "action_time": "2019-04-30T15:20:06.286Z",
    "user": 1,
    "content_type": 13,
    "object_id": "8",
    "object_repr": "Main menu",
    "action_flag": 2,
    "change_message": "[{\"changed\": {\"name\": \"Voice Service\", \"object\": \"(Main menu): Make a trade offer\", \"fields\": [\"_redirect\"]}}, {\"changed\": {\"name\": \"Voice Service\", \"object\": \"(Main menu): Listen to existing offers\", \"fields\": [\"_redirect\"]}}]"
  }
},
{
  "model": "admin.logentry",
  "pk": 18,
  "fields": {
    "action_time": "2019-04-30T15:20:16.657Z",
    "user": 1,
    "content_type": 9,
    "object_id": "2",
    "object_repr": "Voice Service: se4d",
    "action_flag": 2,
    "change_message": "[{\"changed\": {\"fields\": [\"active\"]}}]"
  }
},
{
  "model": "admin.logentry",
  "pk": 19,
  "fields": {
    "action_time": "2019-04-30T16:05:04.847Z",
    "user": 1,
    "content_type": 8,
    "object_id": "31",
    "object_repr": "Voice Label: Please select the type of seed",
    "action_flag": 1,
    "change_message": "[{\"added\": {}}, {\"added\": {\"name\": \"Voice Fragment\", \"object\": \"Voice Fragment: (English) Please select the type of seed\"}}]"
  }
},
{
  "model": "admin.logentry",
  "pk": 20,
  "fields": {
    "action_time": "2019-04-30T16:12:15.732Z",
    "user": 1,
    "content_type": 8,
    "object_id": "32",
    "object_repr": "Voice Label: Corn",
    "action_flag": 1,
    "change_message": "[{\"added\": {}}, {\"added\": {\"name\": \"Voice Fragment\", \"object\": \"Voice Fragment: (English) Corn\"}}]"
  }
},
{
  "model": "admin.logentry",
  "pk": 21,
  "fields": {
    "action_time": "2019-04-30T16:13:12.563Z",
    "user": 1,
    "content_type": 8,
    "object_id": "33",
    "object_repr": "Voice Label: Rice",
    "action_flag": 1,
    "change_message": "[{\"added\": {}}, {\"added\": {\"name\": \"Voice Fragment\", \"object\": \"Voice Fragment: (English) Rice\"}}]"
  }
},
{
  "model": "admin.logentry",
  "pk": 22,
  "fields": {
    "action_time": "2019-04-30T16:15:36.914Z",
    "user": 1,
    "content_type": 8,
    "object_id": "34",
    "object_repr": "Voice Label: Wheat",
    "action_flag": 1,
    "change_message": "[{\"added\": {}}, {\"added\": {\"name\": \"Voice Fragment\", \"object\": \"Voice Fragment: (English) Wheat\"}}]"
  }
},
{
  "model": "admin.logentry",
  "pk": 23,
  "fields": {
    "action_time": "2019-04-30T16:16:23.214Z",
    "user": 1,
    "content_type": 8,
    "object_id": "35",
    "object_repr": "Voice Label: Barley",
    "action_flag": 1,
    "change_message": "[{\"added\": {}}, {\"added\": {\"name\": \"Voice Fragment\", \"object\": \"Voice Fragment: (English) Barley\"}}]"
  }
},
{
  "model": "admin.logentry",
  "pk": 24,
  "fields": {
    "action_time": "2019-04-30T16:17:40.142Z",
    "user": 1,
    "content_type": 8,
    "object_id": "36",
    "object_repr": "Voice Label: Sorghum",
    "action_flag": 1,
    "change_message": "[{\"added\": {}}, {\"added\": {\"name\": \"Voice Fragment\", \"object\": \"Voice Fragment: (English) Sorghum\"}}]"
  }
},
{
  "model": "admin.logentry",
  "pk": 25,
  "fields": {
    "action_time": "2019-04-30T16:18:57.632Z",
    "user": 1,
    "content_type": 8,
    "object_id": "37",
    "object_repr": "Voice Label: Millet",
    "action_flag": 1,
    "change_message": "[{\"added\": {}}, {\"added\": {\"name\": \"Voice Fragment\", \"object\": \"Voice Fragment: (English) Millet\"}}]"
  }
},
{
  "model": "admin.logentry",
  "pk": 26,
  "fields": {
    "action_time": "2019-04-30T16:19:22.992Z",
    "user": 1,
    "content_type": 13,
    "object_id": "12",
    "object_repr": "Choose a seed",
    "action_flag": 1,
    "change_message": "[{\"added\": {}}, {\"added\": {\"name\": \"Voice Service\", \"object\": \"(Choose a seed): Corn\"}}, {\"added\": {\"name\": \"Voice Service\", \"object\": \"(Choose a seed): Rice\"}}, {\"added\": {\"name\": \"Voice Service\", \"object\": \"(Choose a seed): Wheat\"}}, {\"added\": {\"name\": \"Voice Service\", \"object\": \"(Choose a seed): Barley\"}}, {\"added\": {\"name\": \"Voice Service\", \"object\": \"(Choose a seed): Sorghum\"}}, {\"added\": {\"name\": \"Voice Service\", \"object\": \"(Choose a seed): Millet\"}}]"
  }
},
{
  "model": "admin.logentry",
  "pk": 27,
  "fields": {
    "action_time": "2019-04-30T16:19:26.272Z",
    "user": 1,
    "content_type": 13,
    "object_id": "12",
    "object_repr": "Choose a seed",
    "action_flag": 2,
    "change_message": "[]"
  }
},
{
  "model": "admin.logentry",
  "pk": 28,
  "fields": {
    "action_time": "2019-04-30T16:21:35.410Z",
    "user": 1,
    "content_type": 8,
    "object_id": "38",
    "object_repr": "Voice Label: Make an offer, choose seeds",
    "action_flag": 1,
    "change_message": "[{\"added\": {}}, {\"added\": {\"name\": \"Voice Fragment\", \"object\": \"Voice Fragment: (English) Make an offer, choose seeds\"}}]"
  }
},
{
  "model": "admin.logentry",
  "pk": 29,
  "fields": {
    "action_time": "2019-04-30T16:21:51.787Z",
    "user": 1,
    "content_type": 14,
    "object_id": "19",
    "object_repr": "Message: Make an offer; what seeds",
    "action_flag": 1,
    "change_message": "[{\"added\": {}}]"
  }
},
{
  "model": "admin.logentry",
  "pk": 30,
  "fields": {
    "action_time": "2019-04-30T16:23:25.548Z",
    "user": 1,
    "content_type": 8,
    "object_id": "39",
    "object_repr": "Voice Label: Manage my current offers",
    "action_flag": 1,
    "change_message": "[{\"added\": {}}, {\"added\": {\"name\": \"Voice Fragment\", \"object\": \"Voice Fragment: (English) Manage my current offers\"}}]"
  }
},
{
  "model": "admin.logentry",
  "pk": 31,
  "fields": {
    "action_time": "2019-04-30T16:23:30.184Z",
    "user": 1,
    "content_type": 13,
    "object_id": "8",
    "object_repr": "Main menu",
    "action_flag": 2,
    "change_message": "[{\"added\": {\"name\": \"Voice Service\", \"object\": \"(Main menu): Manage current offers\"}}, {\"changed\": {\"name\": \"Voice Service\", \"object\": \"(Main menu): Make a trade offer\", \"fields\": [\"_redirect\"]}}]"
  }
},
{
  "model": "admin.logentry",
  "pk": 32,
  "fields": {
    "action_time": "2019-04-30T16:31:53.779Z",
    "user": 1,
    "content_type": 8,
    "object_id": "14",
    "object_repr": "Voice Label: Four",
    "action_flag": 2,
    "change_message": "[{\"changed\": {\"name\": \"Voice Fragment\", \"object\": \"Voice Fragment: (Francais) Four\", \"fields\": [\"language\"]}}, {\"changed\": {\"name\": \"Voice Fragment\", \"object\": \"Voice Fragment: (English) Four\", \"fields\": [\"language\"]}}]"
  }
},
{
  "model": "admin.logentry",
  "pk": 33,
  "fields": {
    "action_time": "2019-04-30T16:33:55.690Z",
    "user": 1,
    "content_type": 13,
    "object_id": "12",
    "object_repr": "Choose a seed to offer",
    "action_flag": 2,
    "change_message": "[{\"changed\": {\"fields\": [\"name\"]}}]"
  }
},
{
  "model": "admin.logentry",
  "pk": 34,
  "fields": {
    "action_time": "2019-04-30T16:43:09.714Z",
    "user": 1,
    "content_type": 8,
    "object_id": "40",
    "object_repr": "Voice Label: Made an offer, what request",
    "action_flag": 1,
    "change_message": "[{\"added\": {}}, {\"added\": {\"name\": \"Voice Fragment\", \"object\": \"Voice Fragment: (English) Made an offer, what request\"}}]"
  }
},
{
  "model": "admin.logentry",
  "pk": 35,
  "fields": {
    "action_time": "2019-04-30T16:44:21.030Z",
    "user": 1,
    "content_type": 13,
    "object_id": "21",
    "object_repr": "Choose a seed to request",
    "action_flag": 1,
    "change_message": "[{\"added\": {}}, {\"added\": {\"name\": \"Voice Service\", \"object\": \"(Choose a seed to request): Corn\"}}, {\"added\": {\"name\": \"Voice Service\", \"object\": \"(Choose a seed to request): Rice\"}}, {\"added\": {\"name\": \"Voice Service\", \"object\": \"(Choose a seed to request): Wheat\"}}, {\"added\": {\"name\": \"Voice Service\", \"object\": \"(Choose a seed to request): Barley\"}}, {\"added\": {\"name\": \"Voice Service\", \"object\": \"(Choose a seed to request): Sorghum\"}}, {\"added\": {\"name\": \"Voice Service\", \"object\": \"(Choose a seed to request): Millet\"}}]"
  }
},
{
  "model": "admin.logentry",
  "pk": 36,
  "fields": {
    "action_time": "2019-04-30T16:44:28.830Z",
    "user": 1,
    "content_type": 14,
    "object_id": "28",
    "object_repr": "Message: Make a request; what seeds",
    "action_flag": 1,
    "change_message": "[{\"added\": {}}]"
  }
},
{
  "model": "admin.logentry",
  "pk": 37,
  "fields": {
    "action_time": "2019-04-30T16:44:37.592Z",
    "user": 1,
    "content_type": 14,
    "object_id": "28",
    "object_repr": "Message: Make a request; what seeds",
    "action_flag": 2,
    "change_message": "[{\"changed\": {\"fields\": [\"_redirect\"]}}]"
  }
},
{
  "model": "admin.logentry",
  "pk": 38,
  "fields": {
    "action_time": "2019-04-30T16:45:03.222Z",
    "user": 1,
    "content_type": 13,
    "object_id": "12",
    "object_repr": "Choose a seed to offer",
    "action_flag": 2,
    "change_message": "[{\"changed\": {\"name\": \"Voice Service\", \"object\": \"(Choose a seed to offer): Corn\", \"fields\": [\"_redirect\"]}}, {\"changed\": {\"name\": \"Voice Service\", \"object\": \"(Choose a seed to offer): Rice\", \"fields\": [\"_redirect\"]}}, {\"changed\": {\"name\": \"Voice Service\", \"object\": \"(Choose a seed to offer): Wheat\", \"fields\": [\"_redirect\"]}}, {\"changed\": {\"name\": \"Voice Service\", \"object\": \"(Choose a seed to offer): Barley\", \"fields\": [\"_redirect\"]}}, {\"changed\": {\"name\": \"Voice Service\", \"object\": \"(Choose a seed to offer): Sorghum\", \"fields\": [\"_redirect\"]}}, {\"changed\": {\"name\": \"Voice Service\", \"object\": \"(Choose a seed to offer): Millet\", \"fields\": [\"_redirect\"]}}]"
  }
},
{
  "model": "admin.logentry",
  "pk": 39,
  "fields": {
    "action_time": "2019-04-30T17:38:33.255Z",
    "user": 1,
    "content_type": 8,
    "object_id": "41",
    "object_repr": "Voice Label: Do you have transport",
    "action_flag": 1,
    "change_message": "[{\"added\": {}}, {\"added\": {\"name\": \"Voice Fragment\", \"object\": \"Voice Fragment: (English) Do you have transport\"}}]"
  }
},
{
  "model": "admin.logentry",
  "pk": 40,
  "fields": {
    "action_time": "2019-04-30T17:39:04.855Z",
    "user": 1,
    "content_type": 13,
    "object_id": "29",
    "object_repr": "Choose transport",
    "action_flag": 1,
    "change_message": "[{\"added\": {}}, {\"added\": {\"name\": \"Voice Service\", \"object\": \"(Choose transport): Yes\"}}, {\"added\": {\"name\": \"Voice Service\", \"object\": \"(Choose transport): No\"}}]"
  }
},
{
  "model": "admin.logentry",
  "pk": 41,
  "fields": {
    "action_time": "2019-04-30T17:42:03.861Z",
    "user": 1,
    "content_type": 8,
    "object_id": "42",
    "object_repr": "Voice Label: You offered and requested",
    "action_flag": 1,
    "change_message": "[{\"added\": {}}, {\"added\": {\"name\": \"Voice Fragment\", \"object\": \"Voice Fragment: (English) You offered and requested\"}}]"
  }
},
{
  "model": "admin.logentry",
  "pk": 42,
  "fields": {
    "action_time": "2019-04-30T17:42:07.978Z",
    "user": 1,
    "content_type": 14,
    "object_id": "32",
    "object_repr": "Message: You offered and requested",
    "action_flag": 1,
    "change_message": "[{\"added\": {}}]"
  }
},
{
  "model": "admin.logentry",
  "pk": 43,
  "fields": {
    "action_time": "2019-04-30T17:42:54.651Z",
    "user": 1,
    "content_type": 13,
    "object_id": "21",
    "object_repr": "Choose a seed to request",
    "action_flag": 2,
    "change_message": "[{\"changed\": {\"name\": \"Voice Service\", \"object\": \"(Choose a seed to request): Corn\", \"fields\": [\"_redirect\"]}}, {\"changed\": {\"name\": \"Voice Service\", \"object\": \"(Choose a seed to request): Rice\", \"fields\": [\"_redirect\"]}}, {\"changed\": {\"name\": \"Voice Service\", \"object\": \"(Choose a seed to request): Wheat\", \"fields\": [\"_redirect\"]}}, {\"changed\": {\"name\": \"Voice Service\", \"object\": \"(Choose a seed to request): Barley\", \"fields\": [\"_redirect\"]}}, {\"changed\": {\"name\": \"Voice Service\", \"object\": \"(Choose a seed to request): Sorghum\", \"fields\": [\"_redirect\"]}}, {\"changed\": {\"name\": \"Voice Service\", \"object\": \"(Choose a seed to request): Millet\", \"fields\": [\"_redirect\"]}}]"
  }
},
{
  "model": "admin.logentry",
  "pk": 44,
  "fields": {
    "action_time": "2019-04-30T17:49:57.871Z",
    "user": 1,
    "content_type": 6,
    "object_id": "1",
    "object_repr": "\"Introduction Message\" (\"se4d\")",
    "action_flag": 1,
    "change_message": "[{\"added\": {}}]"
  }
},
{
  "model": "admin.logentry",
  "pk": 45,
  "fields": {
    "action_time": "2019-04-30T17:50:31.889Z",
    "user": 1,
    "content_type": 6,
    "object_id": "2",
    "object_repr": "\"Seed Type\" (\"se4d\")",
    "action_flag": 1,
    "change_message": "[{\"added\": {}}]"
  }
},
{
  "model": "admin.logentry",
  "pk": 46,
  "fields": {
    "action_time": "2019-04-30T17:55:06.832Z",
    "user": 1,
    "content_type": 8,
    "object_id": "43",
    "object_repr": "Voice Label: Confirmation Playback placeholder",
    "action_flag": 1,
    "change_message": "[{\"added\": {}}, {\"added\": {\"name\": \"Voice Fragment\", \"object\": \"Voice Fragment: (English) Confirmation Playback placeholder\"}}]"
  }
},
{
  "model": "admin.logentry",
  "pk": 47,
  "fields": {
    "action_time": "2019-04-30T17:55:17.452Z",
    "user": 1,
    "content_type": 14,
    "object_id": "33",
    "object_repr": "Message: Confirmation playback",
    "action_flag": 1,
    "change_message": "[{\"added\": {}}]"
  }
},
{
  "model": "admin.logentry",
  "pk": 48,
  "fields": {
    "action_time": "2019-04-30T17:56:20.671Z",
    "user": 1,
    "content_type": 8,
    "object_id": "44",
    "object_repr": "Voice Label: Is this correct",
    "action_flag": 1,
    "change_message": "[{\"added\": {}}, {\"added\": {\"name\": \"Voice Fragment\", \"object\": \"Voice Fragment: (English) Is this correct\"}}]"
  }
},
{
  "model": "admin.logentry",
  "pk": 49,
  "fields": {
    "action_time": "2019-04-30T17:56:47.504Z",
    "user": 1,
    "content_type": 13,
    "object_id": "34",
    "object_repr": "Confirm choice",
    "action_flag": 1,
    "change_message": "[{\"added\": {}}, {\"added\": {\"name\": \"Voice Service\", \"object\": \"(Confirm choice): Yes\"}}, {\"added\": {\"name\": \"Voice Service\", \"object\": \"(Confirm choice): No\"}}]"
  }
},
{
  "model": "admin.logentry",
  "pk": 50,
  "fields": {
    "action_time": "2019-04-30T17:56:58.404Z",
    "user": 1,
    "content_type": 14,
    "object_id": "33",
    "object_repr": "Message: Confirmation playback",
    "action_flag": 2,
    "change_message": "[{\"changed\": {\"fields\": [\"_redirect\"]}}]"
  }
},
{
  "model": "admin.logentry",
  "pk": 51,
  "fields": {
    "action_time": "2019-04-30T17:57:15.646Z",
    "user": 1,
    "content_type": 13,
    "object_id": "29",
    "object_repr": "Choose transport",
    "action_flag": 2,
    "change_message": "[{\"changed\": {\"name\": \"Voice Service\", \"object\": \"(Choose transport): Yes\", \"fields\": [\"_redirect\"]}}, {\"changed\": {\"name\": \"Voice Service\", \"object\": \"(Choose transport): No\", \"fields\": [\"_redirect\"]}}]"
  }
},
{
  "model": "admin.logentry",
  "pk": 52,
  "fields": {
    "action_time": "2019-04-30T17:58:35.896Z",
    "user": 1,
    "content_type": 13,
    "object_id": "34",
    "object_repr": "Confirm offer choice",
    "action_flag": 2,
    "change_message": "[{\"changed\": {\"fields\": [\"name\"]}}, {\"changed\": {\"name\": \"Voice Service\", \"object\": \"(Confirm offer choice): No\", \"fields\": [\"_redirect\"]}}]"
  }
},
{
  "model": "admin.logentry",
  "pk": 53,
  "fields": {
    "action_time": "2019-04-30T17:59:30.101Z",
    "user": 1,
    "content_type": 13,
    "object_id": "34",
    "object_repr": "Confirm offer choice",
    "action_flag": 2,
    "change_message": "[{\"changed\": {\"name\": \"Voice Service\", \"object\": \"(Confirm offer choice): No\", \"fields\": [\"_redirect\"]}}]"
  }
},
{
  "model": "admin.logentry",
  "pk": 54,
  "fields": {
    "action_time": "2019-04-30T18:01:39.987Z",
    "user": 1,
    "content_type": 8,
    "object_id": "45",
    "object_repr": "Voice Label: Please leave a short message",
    "action_flag": 1,
    "change_message": "[{\"added\": {}}, {\"added\": {\"name\": \"Voice Fragment\", \"object\": \"Voice Fragment: (English) Please leave a short message\"}}]"
  }
},
{
  "model": "admin.logentry",
  "pk": 55,
  "fields": {
    "action_time": "2019-04-30T18:02:44.376Z",
    "user": 1,
    "content_type": 8,
    "object_id": "46",
    "object_repr": "Voice Label: Sorry I didn't hear anythin",
    "action_flag": 1,
    "change_message": "[{\"added\": {}}, {\"added\": {\"name\": \"Voice Fragment\", \"object\": \"Voice Fragment: (English) Sorry I didn't hear anythin\"}}]"
  }
},
{
  "model": "admin.logentry",
  "pk": 56,
  "fields": {
    "action_time": "2019-04-30T18:03:29.852Z",
    "user": 1,
    "content_type": 8,
    "object_id": "47",
    "object_repr": "Voice Label: Your message is",
    "action_flag": 1,
    "change_message": "[{\"added\": {}}, {\"added\": {\"name\": \"Voice Fragment\", \"object\": \"Voice Fragment: (English) Your message is\"}}]"
  }
},
{
  "model": "admin.logentry",
  "pk": 57,
  "fields": {
    "action_time": "2019-04-30T18:03:39.905Z",
    "user": 1,
    "content_type": 15,
    "object_id": "37",
    "object_repr": "Record: Leave a Message",
    "action_flag": 1,
    "change_message": "[{\"added\": {}}]"
  }
},
{
  "model": "admin.logentry",
  "pk": 58,
  "fields": {
    "action_time": "2019-04-30T18:03:58.899Z",
    "user": 1,
    "content_type": 15,
    "object_id": "37",
    "object_repr": "Record: Leave a Message",
    "action_flag": 2,
    "change_message": "[{\"changed\": {\"fields\": [\"repeat_voice_label\", \"ask_confirmation_voice_label\"]}}]"
  }
},
{
  "model": "admin.logentry",
  "pk": 59,
  "fields": {
    "action_time": "2019-04-30T18:04:16.689Z",
    "user": 1,
    "content_type": 15,
    "object_id": "37",
    "object_repr": "Record: Leave a Message",
    "action_flag": 2,
    "change_message": "[{\"changed\": {\"fields\": [\"max_time_input\", \"_redirect\"]}}]"
  }
},
{
  "model": "admin.logentry",
  "pk": 60,
  "fields": {
    "action_time": "2019-04-30T18:04:32.807Z",
    "user": 1,
    "content_type": 13,
    "object_id": "34",
    "object_repr": "Confirm offer choice",
    "action_flag": 2,
    "change_message": "[{\"changed\": {\"name\": \"Voice Service\", \"object\": \"(Confirm offer choice): Yes\", \"fields\": [\"_redirect\"]}}]"
  }
},
{
  "model": "admin.logentry",
  "pk": 61,
  "fields": {
    "action_time": "2019-04-30T18:08:22.297Z",
    "user": 1,
    "content_type": 15,
    "object_id": "37",
    "object_repr": "Record: Leave a Message",
    "action_flag": 2,
    "change_message": "[{\"changed\": {\"fields\": [\"input_category\"]}}]"
  }
},
{
  "model": "admin.logentry",
  "pk": 62,
  "fields": {
    "action_time": "2019-04-30T18:09:28.995Z",
    "user": 1,
    "content_type": 8,
    "object_id": "48",
    "object_repr": "Voice Label: Message now recorded",
    "action_flag": 1,
    "change_message": "[{\"added\": {}}, {\"added\": {\"name\": \"Voice Fragment\", \"object\": \"Voice Fragment: (English) Message now recorded\"}}]"
  }
},
{
  "model": "admin.logentry",
  "pk": 63,
  "fields": {
    "action_time": "2019-04-30T18:09:30.807Z",
    "user": 1,
    "content_type": 15,
    "object_id": "37",
    "object_repr": "Record: Leave a Message",
    "action_flag": 2,
    "change_message": "[{\"changed\": {\"fields\": [\"final_voice_label\"]}}]"
  }
},
{
  "model": "admin.logentry",
  "pk": 64,
  "fields": {
    "action_time": "2019-04-30T18:12:45.062Z",
    "user": 1,
    "content_type": 13,
    "object_id": "8",
    "object_repr": "Main menu",
    "action_flag": 2,
    "change_message": "[{\"added\": {\"name\": \"Voice Service\", \"object\": \"(Main menu): Exit\"}}]"
  }
},
{
  "model": "admin.logentry",
  "pk": 65,
  "fields": {
    "action_time": "2019-04-30T18:28:13.590Z",
    "user": 1,
    "content_type": 8,
    "object_id": "49",
    "object_repr": "Voice Label: Done with the system",
    "action_flag": 1,
    "change_message": "[{\"added\": {}}, {\"added\": {\"name\": \"Voice Fragment\", \"object\": \"Voice Fragment: (English) Done with the system\"}}]"
  }
},
{
  "model": "admin.logentry",
  "pk": 66,
  "fields": {
    "action_time": "2019-04-30T18:28:15.224Z",
    "user": 1,
    "content_type": 13,
    "object_id": "8",
    "object_repr": "Main menu",
    "action_flag": 2,
    "change_message": "[{\"changed\": {\"name\": \"Voice Service\", \"object\": \"(Main menu): Exit\", \"fields\": [\"voice_label\"]}}]"
  }
},
{
  "model": "admin.logentry",
  "pk": 67,
  "fields": {
    "action_time": "2019-04-30T18:31:21.738Z",
    "user": 1,
    "content_type": 8,
    "object_id": "50",
    "object_repr": "Voice Label: Succes; what next?",
    "action_flag": 1,
    "change_message": "[{\"added\": {}}, {\"added\": {\"name\": \"Voice Fragment\", \"object\": \"Voice Fragment: (English) Succes; what next?\"}}]"
  }
},
{
  "model": "admin.logentry",
  "pk": 68,
  "fields": {
    "action_time": "2019-04-30T18:31:23.386Z",
    "user": 1,
    "content_type": 13,
    "object_id": "39",
    "object_repr": "Offer finished; what next",
    "action_flag": 1,
    "change_message": "[{\"added\": {}}, {\"added\": {\"name\": \"Voice Service\", \"object\": \"(Offer finished; what next): Another Offer\"}}, {\"added\": {\"name\": \"Voice Service\", \"object\": \"(Offer finished; what next): Listen to existing offers\"}}, {\"added\": {\"name\": \"Voice Service\", \"object\": \"(Offer finished; what next): Manage current offers\"}}, {\"added\": {\"name\": \"Voice Service\", \"object\": \"(Offer finished; what next): Exit\"}}]"
  }
},
{
  "model": "admin.logentry",
  "pk": 69,
  "fields": {
    "action_time": "2019-04-30T18:31:51.365Z",
    "user": 1,
    "content_type": 13,
    "object_id": "39",
    "object_repr": "Offer finished; what next",
    "action_flag": 2,
    "change_message": "[{\"changed\": {\"name\": \"Voice Service\", \"object\": \"(Offer finished; what next): Listen to existing offers\", \"fields\": [\"_redirect\"]}}, {\"changed\": {\"name\": \"Voice Service\", \"object\": \"(Offer finished; what next): Manage current offers\", \"fields\": [\"_redirect\"]}}, {\"changed\": {\"name\": \"Voice Service\", \"object\": \"(Offer finished; what next): Exit\", \"fields\": [\"_redirect\"]}}]"
  }
},
{
  "model": "admin.logentry",
  "pk": 70,
  "fields": {
    "action_time": "2019-04-30T18:31:54.159Z",
    "user": 1,
    "content_type": 13,
    "object_id": "39",
    "object_repr": "Offer finished; what next",
    "action_flag": 2,
    "change_message": "[]"
  }
},
{
  "model": "admin.logentry",
  "pk": 71,
  "fields": {
    "action_time": "2019-05-01T12:16:55.892Z",
    "user": 1,
    "content_type": 8,
    "object_id": "51",
    "object_repr": "Voice Label: Please select type of seed (search)",
    "action_flag": 1,
    "change_message": "[{\"added\": {}}, {\"added\": {\"name\": \"Voice Fragment\", \"object\": \"Voice Fragment: (English) Please select type of seed (search)\"}}]"
  }
},
{
  "model": "admin.logentry",
  "pk": 72,
  "fields": {
    "action_time": "2019-05-01T12:19:41.404Z",
    "user": 1,
    "content_type": 8,
    "object_id": "52",
    "object_repr": "Voice Label: Type of seed does not matter",
    "action_flag": 1,
    "change_message": "[{\"added\": {}}, {\"added\": {\"name\": \"Voice Fragment\", \"object\": \"Voice Fragment: (English) Type of seed does not matter\"}}]"
  }
},
{
  "model": "admin.logentry",
  "pk": 73,
  "fields": {
    "action_time": "2019-05-01T12:24:59.012Z",
    "user": 1,
    "content_type": 8,
    "object_id": "53",
    "object_repr": "Voice Label: You have placholder available, please select",
    "action_flag": 1,
    "change_message": "[{\"added\": {}}, {\"added\": {\"name\": \"Voice Fragment\", \"object\": \"Voice Fragment: (English) You have placholder available, please select\"}}]"
  }
},
{
  "model": "admin.logentry",
  "pk": 74,
  "fields": {
    "action_time": "2019-05-01T12:25:06.489Z",
    "user": 1,
    "content_type": 14,
    "object_id": "44",
    "object_repr": "Message: You have; please choose search (placeholder)",
    "action_flag": 1,
    "change_message": "[{\"added\": {}}]"
  }
},
{
  "model": "admin.logentry",
  "pk": 75,
  "fields": {
    "action_time": "2019-05-01T12:25:09.873Z",
    "user": 1,
    "content_type": 13,
    "object_id": "45",
    "object_repr": "Select a type of seeds you have available",
    "action_flag": 1,
    "change_message": "[{\"added\": {}}, {\"added\": {\"name\": \"Voice Service\", \"object\": \"(Select a type of seeds you have available): Corn\"}}, {\"added\": {\"name\": \"Voice Service\", \"object\": \"(Select a type of seeds you have available): Rice\"}}, {\"added\": {\"name\": \"Voice Service\", \"object\": \"(Select a type of seeds you have available): Wheat\"}}, {\"added\": {\"name\": \"Voice Service\", \"object\": \"(Select a type of seeds you have available): Barley\"}}, {\"added\": {\"name\": \"Voice Service\", \"object\": \"(Select a type of seeds you have available): Sorghum\"}}, {\"added\": {\"name\": \"Voice Service\", \"object\": \"(Select a type of seeds you have available): Millet\"}}, {\"added\": {\"name\": \"Voice Service\", \"object\": \"(Select a type of seeds you have available): Any\"}}]"
  }
},
{
  "model": "admin.logentry",
  "pk": 76,
  "fields": {
    "action_time": "2019-05-01T12:25:48.807Z",
    "user": 1,
    "content_type": 13,
    "object_id": "45",
    "object_repr": "Select a type of seeds you have available",
    "action_flag": 2,
    "change_message": "[{\"changed\": {\"name\": \"Voice Service\", \"object\": \"(Select a type of seeds you have available): Corn\", \"fields\": [\"_redirect\"]}}, {\"changed\": {\"name\": \"Voice Service\", \"object\": \"(Select a type of seeds you have available): Rice\", \"fields\": [\"_redirect\"]}}, {\"changed\": {\"name\": \"Voice Service\", \"object\": \"(Select a type of seeds you have available): Wheat\", \"fields\": [\"_redirect\"]}}, {\"changed\": {\"name\": \"Voice Service\", \"object\": \"(Select a type of seeds you have available): Barley\", \"fields\": [\"_redirect\"]}}, {\"changed\": {\"name\": \"Voice Service\", \"object\": \"(Select a type of seeds you have available): Sorghum\", \"fields\": [\"_redirect\"]}}, {\"changed\": {\"name\": \"Voice Service\", \"object\": \"(Select a type of seeds you have available): Millet\", \"fields\": [\"_redirect\"]}}, {\"changed\": {\"name\": \"Voice Service\", \"object\": \"(Select a type of seeds you have available): Any\", \"fields\": [\"_redirect\"]}}]"
  }
},
{
  "model": "admin.logentry",
  "pk": 77,
  "fields": {
    "action_time": "2019-05-01T12:26:11.343Z",
    "user": 1,
    "content_type": 13,
    "object_id": "8",
    "object_repr": "Main menu",
    "action_flag": 2,
    "change_message": "[]"
  }
},
{
  "model": "admin.logentry",
  "pk": 78,
  "fields": {
    "action_time": "2019-05-01T12:26:15.934Z",
    "user": 1,
    "content_type": 13,
    "object_id": "8",
    "object_repr": "Main menu",
    "action_flag": 2,
    "change_message": "[{\"changed\": {\"name\": \"Voice Service\", \"object\": \"(Main menu): Listen to existing offers\", \"fields\": [\"_redirect\"]}}]"
  }
},
{
  "model": "admin.logentry",
  "pk": 79,
  "fields": {
    "action_time": "2019-05-01T12:28:54.533Z",
    "user": 1,
    "content_type": 14,
    "object_id": "32",
    "object_repr": "Message: You offered and requested (placeholder)",
    "action_flag": 2,
    "change_message": "[{\"changed\": {\"fields\": [\"name\"]}}]"
  }
},
{
  "model": "admin.logentry",
  "pk": 80,
  "fields": {
    "action_time": "2019-05-01T12:31:18.125Z",
    "user": 1,
    "content_type": 8,
    "object_id": "54",
    "object_repr": "Voice Label: You have and are looking for (placeholder)",
    "action_flag": 1,
    "change_message": "[{\"added\": {}}, {\"added\": {\"name\": \"Voice Fragment\", \"object\": \"Voice Fragment: (English) You have and are looking for (placeholder)\"}}]"
  }
},
{
  "model": "admin.logentry",
  "pk": 81,
  "fields": {
    "action_time": "2019-05-01T12:31:22.359Z",
    "user": 1,
    "content_type": 14,
    "object_id": "53",
    "object_repr": "Message: You have; Looking For (placeholder)",
    "action_flag": 1,
    "change_message": "[{\"added\": {}}]"
  }
},
{
  "model": "admin.logentry",
  "pk": 82,
  "fields": {
    "action_time": "2019-05-01T12:31:25.717Z",
    "user": 1,
    "content_type": 13,
    "object_id": "54",
    "object_repr": "Select what type of seeds you are looking for",
    "action_flag": 1,
    "change_message": "[{\"added\": {}}, {\"added\": {\"name\": \"Voice Service\", \"object\": \"(Select what type of seeds you are looking for): Corn\"}}, {\"added\": {\"name\": \"Voice Service\", \"object\": \"(Select what type of seeds you are looking for): Rice\"}}, {\"added\": {\"name\": \"Voice Service\", \"object\": \"(Select what type of seeds you are looking for): Wheat\"}}, {\"added\": {\"name\": \"Voice Service\", \"object\": \"(Select what type of seeds you are looking for): Barley\"}}, {\"added\": {\"name\": \"Voice Service\", \"object\": \"(Select what type of seeds you are looking for): Sorghum\"}}, {\"added\": {\"name\": \"Voice Service\", \"object\": \"(Select what type of seeds you are looking for): Millet\"}}, {\"added\": {\"name\": \"Voice Service\", \"object\": \"(Select what type of seeds you are looking for): Any\"}}]"
  }
},
{
  "model": "admin.logentry",
  "pk": 83,
  "fields": {
    "action_time": "2019-05-01T12:31:45.071Z",
    "user": 1,
    "content_type": 13,
    "object_id": "54",
    "object_repr": "Select what type of seeds you are looking for",
    "action_flag": 2,
    "change_message": "[{\"changed\": {\"name\": \"Voice Service\", \"object\": \"(Select what type of seeds you are looking for): Corn\", \"fields\": [\"_redirect\"]}}, {\"changed\": {\"name\": \"Voice Service\", \"object\": \"(Select what type of seeds you are looking for): Rice\", \"fields\": [\"_redirect\"]}}, {\"changed\": {\"name\": \"Voice Service\", \"object\": \"(Select what type of seeds you are looking for): Wheat\", \"fields\": [\"_redirect\"]}}, {\"changed\": {\"name\": \"Voice Service\", \"object\": \"(Select what type of seeds you are looking for): Barley\", \"fields\": [\"_redirect\"]}}, {\"changed\": {\"name\": \"Voice Service\", \"object\": \"(Select what type of seeds you are looking for): Sorghum\", \"fields\": [\"_redirect\"]}}, {\"changed\": {\"name\": \"Voice Service\", \"object\": \"(Select what type of seeds you are looking for): Millet\", \"fields\": [\"_redirect\"]}}, {\"changed\": {\"name\": \"Voice Service\", \"object\": \"(Select what type of seeds you are looking for): Any\", \"fields\": [\"_redirect\"]}}]"
  }
},
{
  "model": "admin.logentry",
  "pk": 84,
  "fields": {
    "action_time": "2019-05-01T12:31:57.836Z",
    "user": 1,
    "content_type": 14,
    "object_id": "44",
    "object_repr": "Message: You have; please choose search (placeholder)",
    "action_flag": 2,
    "change_message": "[{\"changed\": {\"fields\": [\"_redirect\"]}}]"
  }
},
{
  "model": "admin.logentry",
  "pk": 85,
  "fields": {
    "action_time": "2019-05-01T12:33:06.305Z",
    "user": 1,
    "content_type": 14,
    "object_id": "53",
    "object_repr": "Message: You have; Looking For (placeholder)",
    "action_flag": 2,
    "change_message": "[{\"changed\": {\"fields\": [\"_redirect\"]}}]"
  }
},
{
  "model": "admin.logentry",
  "pk": 86,
  "fields": {
    "action_time": "2019-05-01T12:38:04.820Z",
    "user": 1,
    "content_type": 8,
    "object_id": "55",
    "object_repr": "Voice Label: Found offers (placeholder)",
    "action_flag": 1,
    "change_message": "[{\"added\": {}}, {\"added\": {\"name\": \"Voice Fragment\", \"object\": \"Voice Fragment: (English) Found offers (placeholder)\"}}]"
  }
},
{
  "model": "admin.logentry",
  "pk": 87,
  "fields": {
    "action_time": "2019-05-01T12:38:06.728Z",
    "user": 1,
    "content_type": 14,
    "object_id": "62",
    "object_repr": "Message: We have found offers (placeholder)",
    "action_flag": 1,
    "change_message": "[{\"added\": {}}]"
  }
},
{
  "model": "admin.logentry",
  "pk": 88,
  "fields": {
    "action_time": "2019-05-01T12:38:08.994Z",
    "user": 1,
    "content_type": 14,
    "object_id": "62",
    "object_repr": "Message: We have found offers (placeholder)",
    "action_flag": 2,
    "change_message": "[]"
  }
},
{
  "model": "admin.logentry",
  "pk": 89,
  "fields": {
    "action_time": "2019-05-01T12:39:26.987Z",
    "user": 1,
    "content_type": 13,
    "object_id": "63",
    "object_repr": "Do you have transport",
    "action_flag": 1,
    "change_message": "[{\"added\": {}}, {\"added\": {\"name\": \"Voice Service\", \"object\": \"(Do you have transport): Yes\"}}, {\"added\": {\"name\": \"Voice Service\", \"object\": \"(Do you have transport): No\"}}]"
  }
},
{
  "model": "admin.logentry",
  "pk": 90,
  "fields": {
    "action_time": "2019-05-01T12:39:38.072Z",
    "user": 1,
    "content_type": 14,
    "object_id": "53",
    "object_repr": "Message: You have; Looking For (placeholder)",
    "action_flag": 2,
    "change_message": "[{\"changed\": {\"fields\": [\"_redirect\"]}}]"
  }
},
{
  "model": "admin.logentry",
  "pk": 91,
  "fields": {
    "action_time": "2019-05-01T12:39:42.420Z",
    "user": 1,
    "content_type": 14,
    "object_id": "53",
    "object_repr": "Message: You have; Looking For (placeholder)",
    "action_flag": 2,
    "change_message": "[{\"changed\": {\"fields\": [\"_redirect\"]}}]"
  }
},
{
  "model": "admin.logentry",
  "pk": 92,
  "fields": {
    "action_time": "2019-05-01T12:49:20.376Z",
    "user": 1,
    "content_type": 8,
    "object_id": "56",
    "object_repr": "Voice Label: Current offers in system (placeholder)",
    "action_flag": 1,
    "change_message": "[{\"added\": {}}, {\"added\": {\"name\": \"Voice Fragment\", \"object\": \"Voice Fragment: (English) Current offers in system (placeholder)\"}}]"
  }
},
{
  "model": "admin.logentry",
  "pk": 93,
  "fields": {
    "action_time": "2019-05-01T12:49:38.039Z",
    "user": 1,
    "content_type": 14,
    "object_id": "66",
    "object_repr": "Message: You currently have",
    "action_flag": 1,
    "change_message": "[{\"added\": {}}]"
  }
},
{
  "model": "admin.logentry",
  "pk": 94,
  "fields": {
    "action_time": "2019-05-01T12:49:53.256Z",
    "user": 1,
    "content_type": 14,
    "object_id": "66",
    "object_repr": "Message: You currently have offers (placeholder)",
    "action_flag": 2,
    "change_message": "[{\"changed\": {\"fields\": [\"name\"]}}]"
  }
},
{
  "model": "admin.logentry",
  "pk": 95,
  "fields": {
    "action_time": "2019-05-01T12:50:14.375Z",
    "user": 1,
    "content_type": 14,
    "object_id": "62",
    "object_repr": "Message: We have found offers (placeholder)",
    "action_flag": 2,
    "change_message": "[{\"changed\": {\"fields\": [\"_redirect\"]}}]"
  }
}
]
